secs, centisecs, vread
0,25,0
0,84,9
1,120,9
1,163,8
2,200,3
2,237,3
2,279,14
3,318,9
3,364,7
4,401,12
4,438,5
4,484,8
5,548,8
5,592,8
6,638,13
6,689,0
7,725,11
7,788,11
8,825,1
8,884,7
9,921,6
9,985,3
10,1022,7
10,1058,1
11,1103,15
11,1140,1
11,1188,10
12,1225,5
12,1263,11
13,1300,5
13,1337,9
13,1388,8
14,1424,8
14,1460,6
15,1503,9
15,1541,7
15,1585,12
16,1622,2
16,1686,6
17,1723,12
17,1762,1
18,1805,15
18,1842,8
18,1887,2
19,1924,13
19,1988,10
20,2031,13
20,2088,12
21,2126,0
21,2162,1
21,2198,8
22,2235,11
22,2271,1
23,2320,11
23,2370,3
24,2420,9
24,2464,12
25,2523,5
25,2573,12
26,2624,9
26,2661,6
27,2721,9
27,2760,15
28,2817,14
28,2860,1
29,2918,16
29,2960,8
30,3017,1
30,3054,1
30,3090,6
31,3140,7
31,3177,7
32,3221,14
32,3269,6
33,3322,5
33,3359,7
33,3395,9
34,3448,7
34,3485,10
35,3548,4
35,3586,8
36,3627,6
36,3674,2
37,3711,7
37,3759,14
37,3796,8
38,3881,5
39,3945,9
39,3990,0
40,4048,9
40,4098,14
41,4154,14
41,4191,11
42,4245,1
42,4282,11
43,4347,14
43,4385,13
44,4421,7
44,4471,1
45,4524,11
45,4566,8
46,4602,12
46,4651,2
46,4692,12
47,4748,5
47,4785,0
48,4821,1
48,4869,6
49,4906,11
49,4965,13
50,5015,11
50,5052,3
51,5101,10
51,5164,13
52,5201,14
52,5265,2
53,5302,6
53,5352,15
53,5389,3
54,5425,9
54,5479,9
55,5515,0
55,5582,0
56,5618,2
56,5669,5
57,5717,4
57,5768,5
58,5805,2
58,5865,8
59,5901,16
59,5969,2
60,6006,4
60,6064,4
61,6101,0
61,6168,15
62,6205,5
62,6253,0
63,6314,11
63,6369,14
64,6414,12
64,6464,10
65,6501,0
65,6567,3
66,6604,9
66,6653,7
66,6690,12
67,6745,13
67,6782,10
68,6845,9
68,6882,14
69,6944,4
69,6981,14
70,7017,5
70,7068,5
71,7116,10
71,7165,13
72,7202,0
72,7251,8
72,7288,3
73,7324,15
73,7381,0
74,7418,9
74,7481,9
75,7519,4
75,7569,6
76,7613,1
76,7663,9
77,7700,7
77,7769,5
78,7813,6
78,7878,14
79,7919,0
79,7963,5
80,8000,12
80,8065,7
81,8114,8
81,8166,6
82,8203,1
82,8242,0
82,8290,0
83,8344,4
83,8381,0
84,8417,10
84,8466,9
85,8516,4
85,8562,10
85,8599,14
86,8690,8
87,8762,0
88,8801,13
88,8862,14
88,8899,0
89,8947,9
89,8995,2
90,9052,2
90,9089,0
91,9144,0
91,9181,8
92,9217,9
92,9265,5
93,9302,4
93,9362,0
93,9399,5
94,9449,0
94,9496,9
95,9562,0
95,9599,14
96,9648,8
96,9686,0
97,9747,6
97,9784,12
98,9820,5
98,9876,13
99,9913,10
99,9963,13
100,10000,0
100,10076,5
101,10113,5
101,10162,14
101,10199,14
102,10248,6
102,10293,14
103,10349,6
103,10386,13
104,10444,14
104,10481,0
105,10517,0
105,10567,15
106,10603,7
106,10661,0
106,10698,12
107,10749,9
107,10793,0
108,10846,8
108,10883,6
109,10919,4
109,10978,13
110,11061,6
111,11100,12
111,11142,2
111,11179,7
112,11215,1
112,11267,3
113,11311,3
113,11348,14
113,11385,5
114,11422,7
114,11461,7
114,11498,1
115,11565,6
116,11602,0
116,11661,7
116,11698,0
117,11747,6
117,11784,1
118,11821,4
118,11877,13
119,11914,9
119,11963,13
120,12000,6
120,12061,8
121,12110,10
121,12161,2
121,12199,14
122,12248,8
122,12293,2
123,12350,6
123,12387,0
124,12442,0
124,12479,12
125,12516,2
125,12566,8
126,12611,11
126,12664,10
127,12701,2
127,12742,5
127,12779,7
128,12818,7
128,12865,12
129,12910,0
129,12976,6
130,13018,0
130,13074,9
131,13111,10
131,13160,8
131,13197,9
132,13246,2
132,13289,2
133,13345,9
133,13384,0
134,13477,3
135,13514,9
135,13563,0
136,13617,0
136,13667,3
137,13710,14
137,13763,14
138,13800,2
138,13842,0
138,13879,0
139,13915,10
139,13965,4
140,14040,6
140,14077,3
141,14113,13
141,14177,10
142,14214,13
142,14265,13
143,14309,7
143,14360,14
143,14397,13
144,14467,1
145,14509,0
145,14559,0
145,14596,11
146,14644,6
146,14681,6
147,14717,13
147,14766,9
148,14809,5
148,14859,9
148,14896,3
149,14943,9
149,14980,2
150,15043,7
150,15080,10
151,15116,7
151,15164,5
152,15209,2
152,15246,4
152,15283,11
153,15319,0
153,15372,9
154,15408,2
154,15461,8
154,15498,5
155,15589,11
156,15640,11
156,15684,4
157,15742,10
157,15780,0
158,15858,13
158,15897,9
159,15958,11
159,15995,6
160,16039,8
160,16077,14
161,16113,7
161,16158,0
161,16195,13
162,16245,11
162,16285,5
163,16340,11
163,16377,6
164,16413,7
164,16462,6
164,16499,14
165,16542,11
165,16580,7
166,16641,6
166,16678,4
167,16714,10
167,16763,7
168,16808,0
168,16873,3
169,16910,4
169,16946,6
169,16983,7
170,17019,3
170,17072,3
171,17109,0
171,17159,2
171,17196,0
172,17263,10
173,17300,9
173,17342,9
173,17379,2
174,17415,5
174,17457,13
174,17494,9
175,17544,5
175,17581,3
176,17617,0
176,17657,5
176,17694,4
177,17745,15
177,17782,12
178,17818,13
178,17871,10
179,17908,7
179,17957,13
179,17994,1
180,18064,10
181,18108,8
181,18159,9
181,18196,16
182,18280,11
183,18317,7
183,18372,13
184,18409,5
184,18459,4
184,18496,0
185,18545,8
185,18592,14
186,18657,7
186,18693,8
187,18760,9
187,18797,5
188,18839,10
188,18876,11
189,18912,0
189,18957,8
189,18993,5
190,19056,8
190,19095,7
191,19139,6
191,19176,8
192,19239,13
192,19276,13
193,19312,0
193,19356,5
193,19393,8
194,19462,0
194,19499,5
195,19538,3
195,19575,12
196,19611,4
196,19656,13
196,19693,13
197,19740,12
197,19777,1
198,19813,0
198,19856,0
198,19893,14
199,19940,7
199,19977,5
200,20013,8
200,20056,8
200,20093,7
201,20143,10
201,20189,6
202,20237,7
202,20274,6
203,20338,0
203,20375,13
204,20438,5
204,20475,0
205,20511,5
205,20556,7
205,20593,14
206,20640,2
206,20684,14
207,20756,4
207,20793,9
208,20844,8
208,20883,0
209,20938,6
209,20987,9
210,21044,6
210,21081,2
211,21144,13
211,21181,0
212,21268,4
213,21307,4
213,21344,3
213,21381,6
214,21417,12
214,21457,4
214,21493,5
215,21544,4
215,21581,7
216,21640,3
216,21677,8
217,21713,0
217,21756,15
217,21792,13
218,21841,14
218,21878,13
219,21914,3
219,21955,4
219,21992,0
220,22039,12
220,22076,3
221,22113,4
221,22155,1
221,22192,7
222,22255,0
222,22292,7
223,22344,10
223,22381,3
224,22440,3
224,22477,0
225,22514,0
225,22570,3
226,22639,0
226,22676,15
227,22740,4
227,22777,13
228,22813,6
228,22855,8
228,22892,1
229,22937,4
229,22974,0
230,23055,0
230,23092,0
231,23137,2
231,23174,2
232,23210,4
232,23246,2
232,23283,0
233,23337,5
233,23374,0
234,23410,7
234,23446,9
234,23486,1
235,23556,11
235,23593,4
236,23654,6
236,23691,12
237,23742,3
237,23779,2
238,23815,5
238,23855,4
238,23893,1
239,23937,5
239,23974,5
240,24010,6
240,24076,10
241,24138,1
241,24175,0
242,24211,7
242,24278,1
243,24339,0
243,24383,14
244,24454,7
244,24491,2
245,24569,0
246,24605,0
246,24641,10
246,24678,7
247,24714,5
247,24754,6
247,24791,5
248,24843,0
248,24880,7
249,24936,2
249,24977,14
250,25054,12
250,25090,9
251,25139,9
251,25176,0
252,25212,5
252,25254,7
252,25290,4
253,25335,0
253,25373,0
254,25409,7
254,25454,0
254,25491,1
255,25558,4
256,25603,4
256,25640,14
256,25677,14
257,25713,9
257,25753,2
257,25790,0
258,25834,7
258,25871,14
259,25907,0
259,25943,9
259,25980,0
260,26035,0
261,26103,0
261,26141,8
261,26178,7
262,26237,6
262,26275,4
263,26312,5
263,26353,8
263,26390,10
264,26435,6
264,26473,5
265,26510,1
265,26553,6
265,26590,0
266,26636,0
266,26673,12
267,26710,8
267,26765,7
268,26811,11
268,26867,0
269,26905,5
269,26942,0
269,26979,0
270,27050,14
270,27087,13
271,27135,5
271,27172,14
272,27235,0
272,27273,2
273,27310,14
273,27352,0
273,27390,2
274,27436,7
274,27474,2
275,27511,3
275,27552,11
275,27590,2
276,27635,6
276,27673,0
277,27710,1
277,27752,3
277,27790,0
278,27868,3
279,27905,14
280,28023,6
280,28091,14
281,28136,7
281,28174,1
282,28211,13
282,28252,1
282,28289,0
283,28369,10
284,28406,2
284,28458,10
285,28510,0
285,28552,9
285,28589,0
286,28652,9
286,28690,9
287,28735,10
287,28775,0
288,28835,12
288,28873,0
289,28910,12
289,28952,0
289,28990,5
290,29032,2
290,29070,12
291,29107,3
291,29151,0
291,29189,2
292,29233,0
292,29271,6
293,29309,5
293,29351,4
293,29389,0
294,29452,8
294,29490,2
295,29536,14
295,29574,7
296,29611,4
296,29651,8
296,29689,5
297,29734,6
297,29772,0
298,29809,5
298,29863,3
299,29902,1
299,29957,7
300,30002,8
300,30068,0
301,30106,0
301,30168,0
302,30205,13
302,30257,3
303,30301,0
303,30366,0
304,30404,0
304,30455,0
305,30501,11
305,30554,4
305,30592,0
306,30650,13
306,30688,4
307,30750,12
307,30788,9
308,30850,6
309,30902,2
309,30939,1
309,30976,4
310,31062,5
311,31100,5
311,31138,14
311,31175,7
312,31231,6
312,31269,4
313,31306,3
313,31350,10
313,31388,5
314,31465,13
315,31505,0
315,31566,1
316,31603,0
316,31655,11
317,31700,3
317,31738,14
317,31775,10
318,31812,0
318,31868,0
319,31905,14
319,31973,6
320,32050,0
320,32089,3
321,32134,6
321,32172,14
322,32234,0
322,32272,11
323,32309,8
323,32365,11
324,32403,9
324,32440,14
324,32477,8
325,32549,15
325,32587,0
326,32649,1
327,32761,0
328,32800,10
328,32856,14
328,32899,1
329,32937,10
329,32974,6
330,33034,12
330,33072,1
331,33133,3
331,33171,11
332,33209,0
332,33264,3
333,33302,0
333,33370,7
334,33407,0
334,33465,13
335,33503,4
335,33540,0
335,33577,8
336,33629,0
336,33667,7
337,33704,0
337,33749,0
337,33786,0
338,33830,0
338,33868,5
339,33905,6
339,33949,13
339,33986,7
340,34048,10
340,34086,12
341,34130,8
341,34168,0
342,34205,10
342,34248,13
342,34286,1
343,34330,13
343,34368,0
344,34405,6
344,34449,2
344,34487,11
345,34531,1
345,34569,5
346,34606,0
346,34648,4
346,34686,14
347,34731,0
347,34769,14
348,34806,7
348,34874,7
349,34911,4
349,34968,14
350,35078,0
351,35131,0
351,35169,6
352,35206,5
352,35262,9
353,35331,5
353,35368,13
354,35405,4
354,35471,10
355,35532,3
355,35570,0
356,35607,0
356,35662,12
357,35700,14
357,35737,4
357,35776,14
358,35851,0
358,35888,7
359,35930,4
359,35968,1
360,36005,15
360,36050,7
360,36088,12
361,36132,2
361,36170,0
362,36207,0
362,36251,14
363,36300,1
363,36352,0
363,36398,12
364,36436,11
364,36473,13
365,36531,0
365,36577,0
366,36636,0
366,36673,0
367,36729,11
367,36767,10
368,36804,8
368,36873,9
369,36932,14
369,36970,14
370,37007,2
370,37062,8
370,37099,0
371,37152,7
371,37198,12
372,37251,13
372,37296,4
373,37363,7
374,37429,0
374,37467,0
375,37531,0
375,37569,14
376,37606,9
376,37647,0
376,37685,2
377,37761,1
377,37799,2
378,37837,12
378,37874,7
379,37930,0
379,37973,5
380,38030,9
380,38068,0
381,38105,1
381,38162,1
381,38199,0
382,38236,10
382,38273,1
383,38310,0
383,38350,12
383,38396,11
384,38434,2
384,38473,4
385,38510,12
385,38553,3
385,38596,0
386,38634,0
386,38671,0
387,38728,13
387,38766,6
388,38830,0
388,38868,0
389,38905,13
389,38946,4
389,38984,0
390,39027,0
390,39065,0
391,39102,0
391,39146,0
391,39183,0
392,39229,14
392,39267,12
393,39304,13
393,39345,3
393,39383,5
394,39429,3
394,39467,0
395,39504,2
395,39545,0
395,39583,3
396,39651,11
396,39695,0
397,39733,1
397,39770,5
398,39807,3
398,39848,0
398,39886,10
399,39930,1
399,39968,13
400,40005,12
400,40046,0
400,40084,6
401,40129,5
401,40167,0
402,40204,8
402,40246,6
403,40302,0
403,40345,3
403,40383,14
404,40425,4
404,40463,3
405,40500,3
405,40537,14
405,40574,0
406,40631,13
406,40669,0
407,40746,0
407,40784,14
408,40845,0
408,40882,0
409,40961,1
409,40999,1
410,41045,0
410,41083,0
411,41131,13
411,41169,7
412,41244,5
412,41282,0
413,41360,11
413,41397,15
414,41434,6
414,41471,12
415,41544,14
415,41582,6
416,41626,4
416,41664,13
417,41701,11
417,41753,0
417,41795,8
418,41833,0
418,41870,6
419,41982,0
420,42044,13
420,42082,10
421,42161,1
421,42199,0
422,42236,0
422,42273,13
423,42329,1
423,42367,0
424,42427,2
424,42465,0
425,42502,7
425,42559,0
425,42597,0
426,42664,13
427,42702,1
427,42744,11
427,42781,9
428,42825,2
428,42863,0
429,42900,11
429,42944,0
429,42982,13
430,43024,0
430,43062,2
430,43099,0
431,43143,8
431,43181,14
432,43226,4
432,43264,6
433,43301,15
433,43344,0
433,43382,6
434,43427,9
434,43465,10
435,43502,1
435,43544,4
435,43582,0
436,43643,7
436,43693,0
437,43747,0
437,43784,0
438,43843,7
438,43881,0
439,43945,6
439,43983,13
440,44025,4
440,44063,0
441,44100,1
441,44143,0
441,44180,1
442,44249,12
442,44293,4
443,44330,9
443,44367,11
444,44424,0
444,44462,11
444,44499,0
445,44543,0
445,44581,7
446,44625,1
446,44663,0
447,44700,0
447,44743,10
447,44781,0
448,44826,0
448,44867,0
449,44904,0
449,44943,7
449,44981,0
450,45024,14
450,45062,0
450,45099,0
451,45142,1
451,45180,14
452,45223,0
452,45261,6
452,45298,7
453,45342,1
453,45380,0
454,45424,0
454,45462,0
454,45499,0
455,45542,2
455,45579,15
456,45624,3
456,45662,7
456,45699,1
457,45742,2
457,45779,1
458,45824,0
458,45862,0
458,45899,0
459,45944,0
459,45982,14
460,46026,1
460,46064,0
461,46101,2
461,46143,3
461,46181,0
462,46225,4
462,46263,14
463,46300,14
463,46341,0
463,46379,2
464,46424,0
464,46462,13
464,46499,12
465,46572,7
466,46627,0
466,46665,12
467,46725,0
467,46763,0
468,46800,2
468,46841,0
468,46879,7
469,46942,1
469,46980,0
470,47024,0
470,47062,8
470,47099,12
471,47141,0
471,47179,13
472,47256,6
472,47293,0
473,47345,15
473,47383,0
474,47442,0
474,47479,11
475,47557,2
475,47595,0
476,47662,10
477,47700,6
477,47757,13
477,47794,7
478,47846,6
478,47891,4
479,47947,0
479,47991,0
480,48029,3
480,48070,6
481,48140,1
481,48178,11
482,48240,0
482,48278,8
483,48324,6
483,48362,8
483,48399,1
484,48441,8
484,48479,14
485,48541,13
485,48579,4
486,48624,8
486,48663,0
487,48701,0
487,48757,0
488,48840,3
488,48878,2
489,48923,4
489,48961,0
489,48998,3
490,49040,2
490,49078,1
491,49140,10
491,49178,7
492,49223,1
492,49261,13
492,49298,2
493,49340,1
493,49378,0
494,49422,0
494,49461,11
494,49498,0
495,49540,10
495,49577,11
496,49622,0
496,49660,14
496,49697,0
497,49739,0
497,49777,13
498,49821,0
498,49859,15
498,49896,6
499,49941,11
499,49979,0
500,50040,0
500,50078,4
501,50123,0
501,50161,14
501,50198,4
502,50241,5
502,50278,10
503,50343,12
503,50380,0
504,50420,4
504,50458,0
504,50495,9
505,50566,7
506,50622,9
506,50660,7
506,50697,0
507,50739,0
507,50777,3
508,50840,0
508,50877,14
509,50941,2
509,50978,11
510,51040,15
510,51077,1
511,51188,0
512,51239,0
512,51276,0
513,51340,0
513,51389,6
514,51444,0
514,51489,10
515,51542,12
516,51600,7
516,51656,0
516,51693,6
517,51745,5
517,51788,0
518,51826,0
518,51863,5
519,51922,0
519,51960,8
519,51997,0
520,52038,1
520,52076,7
521,52157,2
521,52195,5
522,52253,11
522,52291,8
523,52359,0
524,52421,12
524,52459,10
524,52496,6
525,52553,13
525,52590,10
526,52627,0
526,52664,4
527,52720,9
527,52758,12
527,52795,1
528,52838,6
528,52875,0
529,52921,0
529,52958,0
529,52995,0
530,53052,13
530,53090,9
531,53137,12
531,53175,11
532,53237,0
532,53275,8
533,53337,4
533,53375,8
534,53437,12
534,53475,13
535,53544,12
535,53591,1
536,53658,12
536,53696,6
537,53738,0
537,53776,0
538,53852,0
538,53890,6
539,53945,4
540,54022,0
540,54061,11
540,54098,12
541,54139,0
541,54177,2
542,54237,0
542,54274,14
543,54352,0
543,54389,0
544,54426,6
544,54463,5
545,54520,14
545,54558,2
545,54595,11
546,54649,4
546,54687,7
547,54741,14
547,54790,12
548,54842,0
548,54887,0
549,54924,0
549,54963,14
550,55019,2
550,55057,0
550,55094,14
551,55146,0
552,55223,14
552,55261,13
553,55338,10
553,55386,13
554,55442,5
554,55486,11
555,55538,0
555,55587,9
556,55641,9
556,55687,4
557,55798,1
558,55853,3
558,55891,5
559,55936,10
559,55974,0
560,56036,0
560,56073,2
561,56119,7
561,56164,14
562,56222,0
562,56260,0
562,56297,8
563,56337,1
563,56375,14
564,56420,7
564,56458,13
565,56534,5
565,56572,0
566,56647,0
566,56685,5
567,56723,3
567,56761,6
568,56818,8
568,56856,4
568,56893,4
569,56935,2
569,56973,9
570,57016,12
570,57054,11
570,57091,0
571,57143,2
571,57186,0
572,57253,0
573,57332,0
573,57369,12
574,57435,3
574,57493,11
575,57550,0
575,57588,6
576,57640,1
576,57686,12
577,57723,13
577,57761,2
578,57815,0
578,57853,0
578,57890,7
579,57950,7
579,57987,5
580,58024,0
580,58061,0
581,58135,2
581,58173,0
582,58236,1
582,58274,0
583,58351,0
583,58393,7
584,58434,15
584,58472,9
585,58519,13
585,58566,0
586,58615,0
586,58653,7
586,58690,0
587,58727,0
587,58764,1
588,58834,2
588,58872,1
589,58916,6
589,58955,12
589,58992,2
590,59049,3
590,59087,14
591,59139,0
591,59185,2
592,59237,0
592,59274,9
593,59338,13
593,59384,14
594,59441,5
594,59485,0
595,59537,0
595,59575,0
596,59653,0
596,59690,7
597,59735,14
597,59772,0
598,59818,13
598,59856,0
598,59893,12
599,59960,7
600,60021,15
600,60058,5
601,60117,0
601,60154,3
601,60192,6
602,60234,13
602,60272,8
603,60384,14
604,60459,14
605,60517,3
605,60555,0
605,60592,0
606,60633,7
606,60671,2
607,60736,6
607,60783,14
608,60821,12
608,60859,10
609,60916,0
609,60962,0
610,61021,2
610,61059,13
611,61118,6
611,61156,10
611,61193,3
612,61233,12
612,61271,0
613,61316,2
613,61354,0
613,61392,2
614,61433,15
614,61470,10
615,61515,2
615,61553,13
615,61590,1
616,61633,8
616,61683,14
617,61721,5
617,61758,0
618,61815,3
618,61852,0
618,61889,9
619,61933,5
619,61971,5
620,62015,0
620,62053,0
620,62090,0
621,62132,0
621,62170,0
622,62215,6
622,62253,12
622,62290,6
623,62333,7
623,62371,0
624,62415,1
624,62453,0
624,62490,0
625,62537,0
625,62582,15
626,62620,5
626,62664,6
627,62714,11
627,62752,10
627,62789,3
628,62832,0
628,62870,6
629,62916,0
629,62954,0
630,63013,8
630,63051,7
630,63088,11
631,63132,2
631,63170,0
632,63214,15
632,63252,1
632,63289,0
633,63337,3
633,63382,13
634,63420,0
634,63457,0
635,63514,5
635,63552,0
635,63589,1
636,63632,13
636,63670,7
637,63715,8
637,63753,8
637,63790,2
638,63831,7
638,63869,0
639,63915,0
639,63953,10
639,63990,13
640,64032,11
640,64070,12
641,64114,11
641,64152,3
641,64189,5
642,64231,9
642,64269,5
643,64331,3
643,64369,7
644,64413,0
644,64451,9
644,64488,0
645,64531,11
645,64581,5
646,64634,0
646,64672,8
647,64715,10
647,64753,12
647,64790,6
648,64832,0
648,64870,0
649,64915,1
649,64968,0
650,65016,13
650,65054,0
651,65113,4
651,65151,7
651,65188,3
652,65231,8
652,65269,10
653,65314,0
653,65352,0
653,65389,14
654,65431,0
654,65468,0
655,65513,0
655,65551,3
655,65589,9
656,65630,3
656,65668,0
657,65731,1
657,65769,7
658,65813,8
658,65852,0
658,65890,0
659,65930,0
659,65968,7
660,66012,9
660,66050,10
660,66087,0
661,66131,0
661,66168,2
662,66214,0
662,66252,0
662,66289,6
663,66330,5
663,66368,14
664,66414,13
664,66452,0
664,66489,4
665,66530,2
665,66568,0
666,66613,3
666,66651,9
667,66713,4
667,66751,1
667,66788,4
668,66830,0
668,66867,0
669,66913,8
669,66951,1
669,66988,0
670,67031,4
670,67068,6
671,67114,11
671,67152,0
671,67189,14
672,67231,0
672,67268,9
675,67529,8
675,67566,6
676,67611,0
676,67649,14
676,67686,5
677,67730,1
677,67768,0
678,67812,4
678,67850,9
678,67887,4
679,67930,3
679,67967,1
680,68009,12
680,68047,7
680,68084,0
681,68121,4
681,68159,0
682,68210,0
682,68248,5
682,68285,0
683,68329,3
683,68367,0
684,68411,8
684,68449,11
684,68486,12
685,68531,2
685,68579,11
686,68616,6
686,68653,9
687,68710,5
687,68748,10
687,68785,14
688,68828,13
688,68866,11
689,68912,0
689,68950,14
689,68987,14
690,69029,3
690,69067,7
691,69112,3
691,69150,14
691,69187,0
692,69228,5
692,69266,0
693,69312,11
693,69350,14
693,69387,1
694,69428,8
694,69466,0
695,69512,7
695,69550,9
696,69609,12
696,69662,14
697,69713,1
697,69751,0
697,69788,0
698,69828,5
698,69866,10
699,69911,8
699,69949,5
699,69986,3
700,70028,6
700,70065,14
701,70111,3
701,70149,0
701,70186,0
702,70228,14
702,70265,15
703,70310,13
703,70348,5
703,70385,6
704,70429,12
704,70467,14
705,70512,0
705,70550,2
705,70587,1
706,70627,2
706,70665,3
707,70710,5
707,70748,9
707,70785,3
708,70827,10
708,70865,0
709,70911,0
709,70949,0
709,70986,0
710,71027,10
710,71065,0
711,71110,2
711,71148,0
711,71185,0
712,71227,13
712,71265,13
713,71311,0
713,71349,13
713,71386,7
714,71427,15
714,71465,0
715,71509,12
715,71547,9
715,71584,12
716,71627,11
716,71665,0
717,71712,0
717,71750,11
718,71808,12
718,71852,3
719,71908,10
719,71946,13
719,71983,0
720,72027,9
720,72065,3
721,72111,8
721,72149,2
721,72186,6
722,72226,0
722,72265,11
723,72311,4
723,72349,9
723,72386,6
724,72427,0
724,72465,2
725,72510,6
725,72548,5
725,72585,0
726,72627,9
726,72665,4
727,72709,11
727,72748,12
727,72785,14
728,72828,0
728,72865,14
729,72910,9
729,72948,10
729,72985,9
730,73026,6
730,73064,4
731,73109,3
731,73147,9
731,73184,4
732,73228,9
732,73266,7
733,73308,3
733,73346,14
733,73383,0
734,73426,6
734,73464,10
735,73509,4
735,73547,1
735,73584,2
736,73626,3
736,73664,14
737,73709,2
737,73747,0
737,73784,4
738,73826,3
738,73863,0
739,73909,0
739,73947,7
739,73984,2
740,74048,0
741,74108,4
741,74146,2
741,74184,0
742,74225,9
742,74263,0
743,74307,2
743,74346,3
743,74383,9
744,74425,5
744,74463,2
745,74509,3
745,74547,0
746,74605,14
746,74643,0
746,74680,3
747,74717,13
747,74754,0
748,74806,0
748,74844,5
748,74881,0
749,74926,5
749,74963,13
750,75005,2
750,75043,7
750,75080,8
751,75117,0
751,75154,5
752,75206,0
752,75244,0
752,75281,13
753,75325,14
753,75362,6
754,75406,13
754,75444,12
754,75481,7
755,75525,1
755,75562,12
756,75607,0
756,75645,13
756,75682,6
757,75725,0
757,75763,11
758,75809,8
758,75847,14
758,75885,9
759,75925,11
759,75962,10
760,76005,12
760,76043,15
760,76080,8
761,76125,9
761,76162,0
762,76207,9
762,76245,14
762,76282,1
763,76348,2
764,76404,5
764,76442,14
764,76479,10
765,76516,15
765,76553,13
766,76604,13
766,76642,8
766,76679,2
767,76724,2
767,76762,14
768,76807,6
768,76845,8
768,76882,0
769,76924,10
769,76962,0
770,77004,2
770,77042,11
770,77079,4
771,77124,0
771,77161,4
772,77207,0
772,77245,0
772,77282,12
773,77324,0
773,77361,3
774,77406,0
774,77445,0
774,77483,10
775,77523,5
775,77561,14
776,77606,7
776,77644,0
776,77681,9
777,77723,0
777,77761,14
778,77806,1
778,77844,4
778,77881,3
779,77923,1
779,77961,13
780,78004,11
780,78042,14
780,78079,9
781,78123,5
781,78161,8
782,78205,6
782,78243,10
782,78280,5
783,78323,2
783,78361,8
784,78406,4
784,78444,12
784,78481,9
785,78547,3
786,78603,0
786,78641,1
786,78679,5
787,78724,3
787,78761,5
788,78805,0
788,78843,0
788,78880,0
789,78923,2
789,78960,11
790,79007,9
790,79046,6
791,79104,15
791,79142,9
791,79179,7
792,79223,6
792,79260,4
793,79306,7
793,79344,11
793,79382,6
794,79422,9
794,79460,13
795,79505,0
795,79543,11
795,79580,7
796,79622,12
796,79660,8
797,79706,15
797,79744,15
797,79781,7
798,79822,5
798,79860,12
799,79905,4
799,79943,15
799,79980,2
800,80022,10
800,80060,0
801,80105,12
801,80143,12
801,80180,0
802,80222,11
802,80260,13
803,80306,13
803,80344,13
803,80381,3
804,80422,6
804,80459,13
805,80507,8
805,80544,12
805,80582,0
806,80622,15
806,80660,1
807,80705,0
807,80743,9
808,80822,12
808,80859,3
809,80904,0
809,80942,15
809,80979,7
810,81021,1
810,81059,0
811,81104,10
811,81142,9
811,81179,5
812,81222,3
812,81260,0
813,81305,11
813,81343,0
813,81380,0
814,81421,4
814,81459,4
815,81505,0
815,81543,0
815,81580,13
816,81621,3
816,81659,6
817,81703,2
817,81741,0
817,81778,0
818,81822,0
818,81859,11
819,81904,13
819,81942,4
819,81979,3
820,82021,0
820,82059,4
821,82104,0
821,82142,11
821,82181,0
822,82222,2
822,82260,0
823,82304,12
823,82342,0
823,82379,2
824,82421,13
824,82458,15
825,82503,12
825,82542,9
825,82580,2
826,82621,12
826,82658,0
827,82704,3
827,82742,1
827,82779,12
828,82822,8
828,82860,2
829,82904,0
829,82942,0
829,82979,11
830,83044,0
830,83082,0
831,83122,12
831,83160,15
832,83204,12
832,83242,0
832,83279,8
833,83320,2
833,83358,15
834,83404,13
834,83442,12
834,83479,7
835,83520,0
835,83558,0
836,83602,13
836,83640,10
836,83677,14
837,83720,0
837,83758,0
838,83804,4
838,83842,10
838,83879,0
839,83920,11
839,83957,8
840,84004,9
840,84042,0
840,84079,0
841,84120,0
841,84158,14
842,84203,0
842,84241,4
842,84278,12
843,84320,7
843,84357,11
844,84403,0
844,84441,0
844,84478,4
845,84519,3
845,84557,0
846,84603,7
846,84642,0
846,84679,11
847,84720,0
847,84758,14
848,84802,4
848,84840,11
848,84877,13
849,84919,0
849,84957,2
849,84999,13
850,85037,11
850,85074,6
851,85111,0
851,85148,14
852,85201,11
852,85239,0
852,85276,9
853,85353,1
854,85404,0
854,85441,10
854,85478,1
855,85519,15
855,85557,6
856,85601,5
856,85639,0
856,85676,0
857,85719,11
857,85757,0
858,85801,0
858,85839,0
858,85876,6
859,85969,6
860,86018,11
860,86057,0
861,86101,0
861,86139,13
861,86176,6
862,86218,8
862,86256,0
863,86300,6
863,86338,10
863,86375,7
864,86418,0
864,86456,0
865,86501,11
865,86539,10
865,86576,7
866,86618,11
866,86656,0
867,86702,3
867,86740,13
867,86777,3
868,86818,13
868,86856,8
869,86900,0
869,86938,0
869,86976,1
870,87018,0
870,87056,15
871,87100,0
871,87138,5
871,87175,4
872,87218,8
872,87256,0
873,87301,5
873,87340,8
873,87377,0
874,87418,9
874,87455,14
875,87500,1
875,87538,1
875,87575,6
876,87644,1
876,87699,2
877,87737,0
877,87774,6
878,87817,5
878,87855,13
879,87900,8
879,87938,11
879,87975,0
880,88017,1
880,88055,0
881,88101,11
881,88139,7
881,88176,13
882,88217,12
882,88255,0
883,88300,3
883,88338,5
883,88375,11
884,88418,4
884,88456,11
885,88501,2
885,88539,14
885,88598,1
886,88636,0
886,88673,0
887,88717,2
887,88755,12
887,88799,3
888,88838,0
888,88876,2
889,88917,3
889,88955,12
889,88997,12
890,89035,7
890,89072,9
891,89117,8
891,89154,5
891,89199,10
892,89237,3
892,89274,13
893,89317,14
893,89354,4
893,89398,13
894,89436,0
894,89473,12
895,89517,13
895,89554,13
895,89599,0
896,89637,12
896,89674,2
897,89716,6
897,89754,9
898,89800,2
898,89838,9
898,89875,10
899,89941,0
899,89997,0
900,90035,2
900,90073,11
901,90116,13
901,90154,5
901,90198,15
902,90236,0
902,90273,6
903,90320,4
903,90357,0
903,90396,13
904,90434,14
904,90471,7
905,90517,4
905,90554,11
905,90599,1
906,90637,13
906,90674,1
907,90716,7
907,90754,2
907,90798,0
908,90836,9
908,90873,2
909,90916,0
909,90953,6
909,90997,0
910,91035,5
910,91072,7
911,91116,0
911,91153,0
911,91198,0
912,91236,0
912,91276,14
913,91316,1
913,91354,6
913,91398,1
914,91436,11
914,91473,6
915,91515,4
915,91553,0
915,91598,4
916,91638,0
916,91675,0
917,91716,3
917,91754,14
917,91799,2
918,91837,5
918,91874,3
919,91915,4
919,91953,0
919,91995,5
920,92033,8
920,92070,1
921,92107,0
921,92147,14
921,92198,15
922,92236,12
923,92315,0
923,92353,5
923,92397,14
924,92435,0
924,92472,0
925,92516,0
925,92553,1
925,92599,4
926,92637,2
926,92674,0
927,92715,12
927,92752,11
927,92797,9
928,92835,1
928,92872,11
929,92915,10
929,92952,11
930,93002,7
930,93040,0
930,93077,8
931,93117,0
931,93164,0
932,93203,0
932,93240,6
932,93277,13
933,93317,7
933,93354,3
933,93399,0
934,93437,0
934,93474,6
935,93515,6
935,93553,6
935,93598,6
936,93636,3
936,93673,5
937,93714,4
937,93752,0
937,93797,7
938,93838,7
938,93897,0
939,93934,6
939,93971,0
940,94014,0
940,94052,10
940,94098,2
941,94136,0
941,94173,1
942,94214,8
942,94252,2
942,94297,0
943,94335,14
943,94372,5
944,94414,7
944,94451,4
945,94536,0
945,94595,9
946,94633,14
946,94695,9
947,94733,0
947,94770,2
948,94814,4
948,94851,0
948,94896,15
949,94934,1
949,94972,1
950,95014,7
950,95052,14
950,95096,14
951,95135,12
951,95172,0
952,95213,9
952,95251,0
952,95297,1
953,95335,0
953,95372,3
954,95413,10
954,95451,3
954,95499,0
955,95537,12
955,95593,9
956,95631,13
956,95668,0
957,95713,0
957,95751,0
957,95795,0
958,95833,0
958,95870,11
959,95913,7
959,95951,7
959,95995,11
960,96033,8
960,96070,10
961,96113,0
961,96151,3
961,96196,2
962,96234,13
962,96271,4
963,96313,0
963,96351,8
963,96396,0
964,96435,6
964,96472,0
965,96512,0
965,96550,0
965,96595,12
966,96634,9
966,96671,11
967,96737,13
967,96795,11
968,96833,0
968,96870,10
969,96913,11
969,96951,0
969,96994,12
970,97032,0
970,97069,6
971,97112,0
971,97150,0
971,97195,0
972,97233,11
972,97270,11
973,97312,10
973,97350,0
973,97394,13
974,97432,9
974,97469,0
975,97512,0
975,97550,10
975,97595,11
976,97634,2
976,97671,0
977,97712,5
977,97750,0
977,97795,0
978,97833,13
978,97870,2
979,97916,0
979,97954,14
979,97997,3
980,98036,7
980,98094,4
981,98132,12
981,98169,13
982,98213,0
982,98251,0
982,98295,4
983,98333,9
983,98370,9
984,98411,5
984,98449,12
984,98494,7
985,98532,12
985,98569,7
986,98611,5
986,98649,13
986,98698,13
987,98736,2
987,98791,11
988,98829,13
988,98866,0
989,98903,13
989,98940,0
989,98994,12
990,99037,10
990,99093,0
991,99131,5
991,99168,3
992,99211,5
992,99249,0
992,99295,0
993,99333,10
993,99370,0
994,99411,2
994,99452,2
994,99494,6
995,99532,13
995,99569,6
996,99611,10
996,99648,0
996,99694,2
997,99733,9
997,99770,0
998,99811,14
998,99850,0
998,99895,14
999,99933,0
999,99970,7
1000,100010,0
1000,100048,11
1000,100093,6
1001,100132,2
1001,100173,1
1002,100213,12
1002,100250,0
1002,100295,7
1003,100333,0
1003,100370,4
1004,100410,0
1004,100448,7
1004,100494,0
1005,100532,0
1005,100569,14
1006,100610,1
1006,100648,5
1006,100693,0
1007,100731,9
1007,100768,4
1008,100810,1
1008,100848,0
1008,100893,8
1009,100931,0
1009,100972,0
1010,101012,5
1010,101050,3
1010,101096,2
1011,101134,10
1011,101191,0
1012,101244,11
1012,101294,0
1013,101332,14
1013,101369,3
1014,101410,5
1014,101448,5
1014,101493,4
1015,101531,2
1015,101568,4
1016,101610,0
1016,101647,0
1016,101691,5
1017,101729,0
1017,101766,3
1018,101809,7
1018,101847,11
1018,101892,8
1019,101930,0
1019,101967,13
1020,102009,2
1020,102048,0
1020,102092,7
1021,102130,10
1021,102167,7
1022,102209,3
1022,102247,9
1022,102292,0
1023,102330,3
1023,102368,0
1024,102412,12
1024,102450,13
1024,102491,7
1025,102529,11
1025,102566,0
1026,102610,13
1026,102648,2
1026,102694,0
1027,102732,5
1027,102789,10
1028,102827,6
1028,102864,3
1029,102901,3
1029,102938,7
1029,102992,6
1030,103030,0
1030,103067,5
1031,103109,0
1031,103146,15
1031,103190,0
1032,103228,10
1032,103265,6
1033,103309,6
1033,103347,0
1033,103393,0
1034,103437,12
1034,103494,1
1035,103533,4
1035,103570,6
1036,103610,7
1036,103648,14
1036,103692,2
1037,103730,3
1037,103772,5
1038,103812,0
1038,103849,6
1038,103891,13
1039,103929,5
1039,103966,0
1040,104008,6
1040,104046,9
1040,104090,0
1041,104128,6
1041,104165,4
1042,104208,0
1042,104246,9
1042,104293,0
1043,104331,11
1043,104389,9
1044,104427,13
1044,104464,0
1045,104508,11
1045,104546,13
1045,104591,4
1046,104629,0
1046,104666,0
1047,104709,5
1047,104746,0
1047,104790,4
1048,104828,8
1048,104865,0
1049,104908,1
1049,104946,0
1049,104989,0
1050,105027,13
1050,105064,6
1051,105108,0
1051,105158,1
1051,105195,1
1052,105232,8
1052,105270,5
1053,105311,6
1053,105357,1
1053,105395,5
1054,105432,0
1054,105490,0
1055,105527,0
1055,105564,5
1056,105607,14
1056,105645,0
1057,105726,2
1057,105764,3
1058,105808,0
1058,105846,0
1058,105892,7
1059,105930,1
1059,105967,0
1060,106007,6
1060,106045,15
1060,106089,13
1061,106127,15
1061,106164,4
1062,106207,0
1062,106245,7
1062,106291,10
1063,106329,4
1063,106366,0
1064,106408,0
1064,106445,0
1064,106489,4
1065,106528,12
1065,106566,0
1066,106607,6
1066,106644,0
1066,106689,8
1067,106727,7
1067,106764,12
1068,106807,10
1068,106844,0
1068,106889,15
1069,106927,14
1069,106964,14
1070,107006,7
1070,107044,13
1070,107089,6
1071,107127,12
1071,107189,0
1072,107228,6
1072,107265,7
1073,107306,9
1073,107344,12
1073,107388,8
1074,107426,7
1074,107463,5
1075,107506,0
1075,107544,0
1075,107590,13
1076,107628,14
1076,107665,0
1077,107706,0
1077,107744,0
1077,107793,3
1078,107831,1
1079,107906,7
1079,107944,10
1079,107987,6
1080,108025,1
1080,108062,14
1081,108106,15
1081,108144,15
1081,108188,0
1082,108226,0
1082,108263,0
1083,108306,7
1083,108344,2
1083,108389,0
1084,108428,6
1084,108465,7
1085,108505,3
1085,108543,16
1085,108587,1
1086,108625,11
1086,108662,6
1087,108706,13
1087,108744,6
1087,108789,0
1088,108827,0
1088,108864,0
1089,108905,2
1089,108943,0
1089,108986,9
1090,109024,8
1090,109062,1
1091,109107,2
1091,109145,3
1091,109189,13
1092,109227,14
1092,109264,10
1093,109305,13
1093,109343,2
1093,109388,0
1094,109426,5
1094,109463,0
1095,109505,3
1095,109543,8
1095,109587,0
1096,109625,10
1096,109662,2
1097,109706,1
1097,109744,4
1097,109788,2
1098,109826,8
1098,109863,6
1099,109906,7
1099,109943,0
1099,109986,13
1100,110030,13
1100,110087,11
1101,110125,13
1101,110162,10
1102,110205,0
1102,110242,11
1102,110292,8
1103,110330,3
1103,110367,9
1104,110407,1
1104,110445,1
1104,110487,5
1105,110525,4
1105,110563,6
1106,110604,9
1106,110643,12
1106,110688,6
1107,110726,5
1107,110763,0
1108,110804,9
1108,110842,10
1108,110893,4
1109,110931,11
1109,110986,13
1110,111024,0
1110,111061,3
1111,111104,13
1111,111142,7
1111,111187,0
1112,111225,9
1112,111263,0
1113,111304,0
1113,111342,2
1116,111604,14
1116,111641,14
1116,111686,0
1117,111724,12
1117,111762,8
1118,111804,2
1118,111842,0
1118,111886,2
1119,111924,11
1119,111961,0
1120,112004,5
1120,112042,14
1120,112087,9
1121,112125,2
1121,112162,0
1122,112203,10
1122,112242,11
1122,112288,1
1123,112326,13
1124,112403,6
1124,112441,13
1124,112485,0
1125,112523,0
1125,112560,0
1126,112603,0
1126,112641,11
1126,112686,9
1127,112724,7
1127,112761,7
1128,112803,7
1128,112841,13
1128,112886,0
1129,112925,2
1129,112963,11
1130,113003,1
1130,113041,0
1130,113085,6
1131,113123,0
1131,113160,4
1132,113203,0
1132,113241,8
1132,113285,1
1133,113323,9
1133,113360,3
1134,113403,5
1134,113441,8
1134,113486,2
1135,113524,4
1135,113561,0
1136,113603,13
1136,113640,10
1136,113685,9
1137,113723,14
1137,113760,0
1138,113803,5
1138,113841,0
1138,113886,0
1139,113924,8
1139,113961,13
1140,114002,0
1140,114040,1
1140,114085,8
1141,114123,5
1141,114161,0
1142,114202,14
1142,114240,14
1142,114286,13
1143,114324,1
1143,114361,7
1144,114403,7
1144,114441,0
1144,114486,13
1145,114524,0
1145,114561,15
1146,114602,11
1146,114640,0
1147,114709,13
1147,114752,6
1147,114790,1
1148,114827,6
1148,114884,13
1149,114922,0
1149,114959,13
1150,115002,0
1150,115039,0
1150,115084,3
1151,115123,5
1151,115160,8
1152,115202,6
1152,115239,0
1152,115284,0
1153,115323,14
1153,115360,13
1154,115402,6
1154,115440,0
1154,115485,1
1155,115523,3
1155,115560,8
1156,115602,1
1156,115639,12
1156,115684,7
1157,115722,2
1157,115759,4
1158,115801,5
1158,115839,14
1158,115884,13
1159,115922,12
1159,115959,10
1160,116001,5
1160,116039,7
1160,116084,5
1161,116122,14
1161,116159,9
1162,116201,12
1162,116239,7
1162,116285,8
1163,116323,13
1163,116360,8
1164,116402,14
1164,116441,8
1164,116486,0
1165,116524,13
1165,116581,0
1166,116619,14
1166,116656,2
1167,116701,0
1167,116739,13
1167,116783,6
1168,116821,5
1168,116858,8
1169,116926,8
1169,116983,0
1170,117022,0
1170,117059,5
1171,117101,11
1171,117138,0
1171,117183,6
1172,117221,0
1172,117258,0
1173,117302,0
1173,117340,7
1173,117384,0
1174,117422,5
1174,117459,3
1175,117500,0
1175,117538,6
1175,117585,2
1176,117623,9
1176,117661,4
1177,117701,4
1177,117740,5
1177,117784,13
1178,117822,11
1178,117859,3
1179,117901,8
1179,117939,6
1179,117983,4
1180,118021,0
1180,118058,0
1181,118100,3
1181,118138,0
1181,118182,12
1182,118220,0
1182,118257,13
1183,118304,0
1183,118342,0
1183,118381,0
1184,118419,2
1184,118456,12
1185,118500,8
1185,118538,12
1185,118583,14
1186,118621,9
1186,118658,2
1187,118700,0
1187,118738,13
1187,118783,0
1188,118821,1
1188,118858,2
1189,118900,0
1189,118937,10
1189,118984,3
1190,119022,0
1191,119100,5
1191,119138,13
1191,119183,4
1192,119221,11
1192,119258,7
1192,119299,0
1193,119337,11
1193,119382,9
1194,119420,11
1194,119457,13
1194,119499,0
1195,119537,6
1195,119582,0
1196,119620,6
1196,119657,2
1196,119699,10
1197,119737,6
1197,119782,4
1198,119820,1
1198,119857,3
1199,119900,8
1199,119937,4
1199,119980,0
1200,120018,0
1200,120055,3
1200,120099,9
1201,120137,11
1201,120182,0
1202,120220,0
1202,120257,9
1202,120299,10
1203,120337,7
1203,120382,6
1204,120420,0
1204,120458,8
1204,120499,0
1205,120536,14
1205,120581,0
1206,120619,0
1206,120656,0
1207,120700,12
1207,120738,3
1207,120783,8
1208,120822,4
1208,120859,0
1208,120899,3
1209,120937,15
1209,120979,4
1210,121017,13
1210,121054,0
1210,121099,2
1211,121137,13
1211,121181,5
1212,121219,12
1212,121299,0
1213,121337,8
1213,121382,4
1214,121420,9
1214,121457,6
1214,121498,9
1215,121536,13
1215,121580,5
1216,121618,0
1216,121655,10
1216,121698,0
1217,121736,7
1217,121778,13
1218,121817,12
1218,121854,6
1218,121898,5
1219,121936,7
1219,121979,14
1220,122017,9
1220,122054,3
1220,122098,5
1221,122136,14
1221,122180,3
1222,122218,15
1222,122255,7
1222,122298,14
1223,122336,0
1223,122381,0
1224,122419,1
1224,122456,13
1224,122498,16
1225,122536,13
1225,122580,7
1226,122618,9
1226,122655,11
1226,122698,1
1227,122736,4
1227,122778,1
1228,122816,7
1228,122853,2
1228,122898,13
1229,122936,5
1229,122979,12
1230,123017,13
1230,123054,4
1230,123097,8
1231,123135,0
1231,123179,0
1232,123217,15
1232,123254,3
1232,123299,14
1233,123336,4
1233,123381,9
1234,123419,14
1235,123505,9
1235,123547,4
1235,123585,0
1236,123622,2
1236,123679,2
1237,123717,1
1237,123754,7
1237,123797,11
1238,123834,0
1238,123879,5
1239,123917,1
1239,123954,7
1239,123997,2
1240,124034,7
1240,124080,7
1241,124118,14
1241,124156,14
1241,124197,6
1242,124234,0
1242,124279,11
1243,124318,10
1243,124355,0
1243,124396,6
1244,124434,14
1244,124478,0
1245,124516,15
1245,124554,8
1245,124596,6
1246,124635,0
1246,124680,0
1247,124718,15
1247,124755,0
1247,124796,13
1248,124834,11
1248,124879,8
1249,124917,11
1249,124955,4
1249,124996,7
1250,125034,3
1250,125078,5
1251,125116,0
1251,125153,1
1251,125196,3
1252,125234,15
1252,125280,6
1253,125318,14
1253,125355,6
1253,125397,12
1254,125434,5
1254,125478,9
1255,125517,0
1255,125555,12
1256,125620,6
1256,125678,12
1257,125718,2
1257,125755,3
1257,125796,11
1258,125834,4
1258,125879,3
1259,125917,0
1259,125955,0
1259,125996,13
1260,126033,14
1260,126078,4
1261,126116,3
1261,126153,0
1261,126195,0
1262,126233,7
1262,126278,6
1263,126316,6
1263,126353,5
1263,126395,7
1264,126433,0
1264,126479,2
1265,126517,10
1265,126554,14
1265,126599,14
1266,126636,0
1266,126680,0
1267,126718,0
1267,126775,8
1268,126813,0
1268,126850,10
1268,126887,3
1269,126924,0
1269,126976,8
1270,127014,0
1270,127052,3
1270,127096,0
1271,127133,3
1271,127178,7
1272,127216,2
1272,127253,5
1273,127342,8
1273,127381,0
1274,127419,6
1274,127479,7
1275,127517,4
1275,127575,15
1276,127616,0
1276,127654,7
1276,127694,7
1277,127732,0
1277,127777,8
1278,127815,14
1278,127853,4
1279,127920,5
1279,127978,3
1280,128016,0
1280,128054,0
1280,128095,0
1281,128133,0
1281,128178,13
1282,128217,0
1282,128276,9
1283,128314,15
1283,128352,5
1283,128395,7
1284,128433,0
1284,128479,3
1285,128517,10
1285,128555,0
1285,128595,6
1286,128633,15
1286,128677,0
1287,128716,10
1287,128775,10
1288,128814,0
1288,128852,10
1288,128894,7
1289,128932,6
1289,128975,5
1290,129013,1
1290,129051,13
1290,129094,0
1291,129133,13
1291,129174,13
1292,129212,11
1292,129250,15
1292,129294,2
1293,129332,13
1293,129376,0
1294,129415,5
1294,129453,2
1294,129496,9
1295,129534,2
1295,129576,0
1296,129615,6
1296,129653,1
1296,129694,3
1297,129732,4
1297,129777,1
1298,129815,15
1298,129853,8
1298,129894,0
1299,129932,15
1299,129976,5
1300,130014,0
1300,130052,0
1300,130093,7
1301,130131,3
1302,130207,8
1302,130245,0
1302,130294,3
1303,130332,4
1303,130378,11
1304,130416,0
1304,130475,1
1305,130514,13
1305,130552,3
1305,130593,6
1306,130631,0
1306,130677,0
1307,130715,0
1307,130753,0
1307,130793,12
1308,130831,4
1308,130877,14
1309,130916,9
1309,130974,6
1310,131012,7
1310,131050,7
1310,131093,7
1311,131131,0
1311,131175,7
1312,131214,0
1312,131252,0
1312,131293,14
1313,131331,9
1313,131375,5
1314,131414,0
1314,131452,3
1314,131493,5
1315,131531,12
1315,131576,0
1316,131614,0
1316,131677,3
1317,131715,2
1317,131773,12
1318,131811,9
1318,131849,3
1318,131892,10
1319,131930,15
1319,131973,13
1320,132013,11
1320,132051,8
1320,132092,6
1321,132130,13
1321,132175,7
1322,132213,0
1322,132251,8
1322,132293,2
1323,132331,0
1323,132375,12
1324,132414,0
1324,132475,6
1325,132519,7
1325,132572,13
1326,132610,0
1326,132648,0
1326,132692,2
1327,132730,15
1327,132775,14
1328,132813,14
1328,132851,10
1328,132892,0
1329,132930,0
1329,132974,0
1330,133013,6
1330,133051,7
1330,133094,5
1331,133132,4
1331,133172,2
1332,133210,13
1332,133248,0
1332,133291,0
1333,133329,1
1333,133374,7
1334,133412,3
1334,133450,9
1334,133491,13
1335,133529,4
1335,133575,2
1336,133614,13
1336,133673,14
1337,133711,0
1337,133749,7
1337,133791,9
1338,133829,0
1338,133874,6
1339,133912,2
1339,133950,15
1339,133993,0
1340,134031,5
1340,134072,13
1341,134111,1
1341,134149,13
1341,134191,0
1342,134229,6
1342,134275,6
1343,134313,0
1343,134371,1
1344,134409,13
1344,134447,6
1344,134491,0
1345,134529,0
1345,134576,3
1346,134614,5
1346,134652,13
1346,134692,0
1347,134730,0
1347,134775,4
1348,134813,0
1348,134891,13
1349,134929,16
1349,134973,7
1350,135012,13
1350,135050,0
1350,135093,5
1351,135140,3
1351,135178,3
1352,135216,0
1352,135272,13
1353,135310,11
1353,135348,6
1353,135391,11
1354,135430,6
1354,135472,7
1355,135510,12
1355,135548,6
1355,135590,0
1356,135628,12
1356,135673,5
1357,135711,14
1357,135749,1
1357,135790,14
1358,135828,5
1358,135875,6
1359,135913,3
1359,135970,10
1360,136008,5
1360,136046,9
1360,136090,7
1361,136128,2
1361,136174,1
1362,136212,5
1362,136271,3
1363,136309,14
1363,136347,2
1363,136389,8
1364,136428,0
1364,136474,0
1365,136512,13
1365,136550,10
1365,136590,1
1366,136628,3
1366,136674,4
1367,136713,7
1367,136769,1
1368,136807,11
1368,136845,3
1368,136889,3
1369,136927,11
1369,136970,2
1370,137009,0
1370,137047,11
1371,137114,8
1371,137170,2
1372,137208,14
1372,137246,0
1372,137289,2
1373,137328,12
1373,137371,12
1374,137410,11
1374,137448,0
1374,137490,10
1375,137528,7
1375,137572,4
1376,137610,2
1376,137648,6
1376,137689,11
1377,137727,11
1377,137772,6
1378,137810,0
1378,137848,0
1378,137889,0
1379,137927,0
1379,137971,9
1380,138009,8
1380,138047,12
1380,138089,0
1381,138127,5
1381,138170,2
1382,138209,13
1382,138247,8
1382,138288,1
1383,138326,0
1383,138371,3
1384,138409,10
1384,138447,0
1384,138488,0
1385,138526,7
1385,138571,13
1386,138609,1
1386,138647,0
1386,138688,10
1387,138726,9
1387,138772,11
1388,138810,12
1388,138848,8
1388,138892,5
1389,138930,3
1389,138973,6
1390,139012,13
1390,139070,4
1391,139108,12
1391,139146,11
1391,139188,3
1392,139226,14
1392,139272,8
1393,139310,13
1393,139369,1
1394,139413,9
1394,139470,0
1395,139508,14
1395,139546,1
1395,139591,11
1396,139638,15
1396,139676,3
1397,139714,5
1397,139768,7
1398,139806,1
1398,139844,8
1398,139888,4
1399,139926,0
1399,139969,5
1400,140007,7
1400,140045,0
1400,140087,15
1401,140126,8
1401,140170,7
1402,140209,3
1402,140247,0
1402,140287,13
1403,140325,11
1403,140370,0
1404,140409,7
1404,140447,8
1404,140491,14
1405,140537,4
1405,140575,1
1406,140613,0
1406,140669,14
1407,140708,13
1407,140746,13
1407,140787,12
1408,140825,10
1408,140871,9
1409,140909,13
1409,140967,7
1410,141005,11
1410,141043,5
1410,141088,12
1411,141126,16
1411,141170,14
1412,141208,14
1412,141246,11
1412,141287,6
1413,141326,7
1413,141367,14
1414,141406,3
1414,141444,0
1414,141486,7
1415,141525,11
1415,141570,15
1416,141608,0
1416,141646,14
1417,141712,0
1417,141750,8
1417,141790,13
1418,141837,10
1418,141875,6
1419,141913,12
1419,141967,1
1420,142005,8
1420,142043,12
1420,142088,6
1421,142126,0
1421,142170,0
1422,142209,13
1422,142269,12
1423,142307,13
1423,142345,7
1423,142386,1
1424,142424,1
1424,142469,4
1425,142507,1
1425,142545,14
1425,142586,8
1426,142625,0
1426,142670,12
1427,142709,4
1427,142766,4
1428,142804,8
1428,142842,9
1428,142886,10
1429,142924,4
1429,142968,11
1430,143007,4
1430,143045,2
1430,143086,9
1431,143124,10
1431,143168,8
1432,143207,3
1432,143245,8
1432,143287,9
1433,143325,7
1433,143370,0
1434,143408,7
1434,143446,13
1434,143487,10
1435,143525,0
1435,143570,8
1436,143608,0
1436,143667,7
1437,143705,15
1437,143743,11
1437,143786,9
1438,143824,14
1438,143868,4
1439,143907,7
1439,143945,0
1439,143986,6
1440,144024,7
1440,144068,8
1441,144110,0
1441,144185,1
1442,144223,6
1442,144269,0
1443,144308,0
1443,144365,0
1444,144403,1
1444,144441,7
1444,144485,7
1445,144523,5
1445,144566,0
0,25,3
0,25,11
0,85,10
1,123,7
1,161,8
1,199,0
2,237,0
2,275,3
3,313,0
3,351,11
3,389,11
4,427,13
4,465,5
5,503,6
5,550,12
5,588,1
6,626,5
6,664,14
7,702,0
7,740,9
7,788,5
8,826,5
8,864,12
9,902,4
9,940,8
9,990,1
10,1028,6
10,1066,0
11,1104,0
11,1142,0
11,1192,7
12,1230,10
12,1289,14
13,1327,8
13,1365,11
14,1403,0
14,1441,11
14,1489,0
15,1527,0
15,1565,13
16,1603,0
16,1641,13
16,1690,8
17,1732,0
17,1791,13
18,1829,5
18,1888,1
19,1926,1
19,1964,0
20,2002,7
20,2040,0
20,2088,6
21,2126,13
21,2164,6
22,2202,3
22,2240,13
22,2288,11
23,2326,13
23,2364,4
24,2402,13
24,2440,4
24,2490,1
25,2528,2
25,2587,4
26,2625,0
26,2663,7
27,2705,11
27,2756,4
27,2799,0
28,2837,5
28,2897,9
29,2935,14
29,2973,8
30,3014,8
30,3052,13
31,3104,6
31,3142,0
31,3180,0
32,3223,5
32,3261,0
33,3305,13
33,3343,0
33,3381,15
34,3419,13
34,3461,0
35,3518,9
35,3556,0
36,3614,5
36,3652,0
36,3690,8
37,3728,0
37,3766,1
38,3824,0
38,3862,4
39,3900,0
39,3941,4
39,3979,0
40,4026,2
40,4070,0
41,4128,5
41,4166,2
42,4224,0
42,4262,7
43,4300,6
43,4340,0
43,4378,0
44,4423,2
44,4461,6
44,4499,12
45,4540,4
45,4578,8
46,4622,0
46,4661,0
46,4699,0
47,4740,7
47,4778,7
48,4828,12
48,4867,12
49,4925,5
49,4963,6
50,5022,2
50,5060,0
50,5098,8
51,5140,3
51,5178,1
52,5224,6
52,5262,7
53,5321,4
53,5359,4
53,5397,0
54,5440,6
54,5478,3
55,5522,14
55,5560,7
55,5598,0
56,5641,0
56,5679,15
57,5723,9
57,5762,4
58,5821,11
58,5860,13
58,5898,0
59,5940,6
59,5978,0
60,6022,1
60,6060,9
60,6098,2
61,6139,8
61,6177,3
62,6222,3
62,6261,8
62,6299,0
63,6341,4
63,6379,1
64,6421,0
64,6465,7
65,6521,15
65,6559,13
65,6597,2
66,6640,1
66,6678,0
67,6724,0
67,6762,13
68,6800,0
68,6845,9
68,6889,14
69,6927,1
69,6965,7
70,7024,5
70,7062,3
71,7119,5
71,7157,7
71,7195,0
72,7239,12
72,7277,11
73,7323,0
73,7361,10
74,7421,0
74,7459,2
74,7497,4
75,7538,6
75,7577,0
76,7621,9
76,7660,9
76,7698,7
77,7740,14
77,7778,0
78,7823,1
78,7861,4
78,7899,0
79,7939,8
79,7977,0
80,8021,11
80,8060,9
80,8098,0
81,8139,0
81,8189,11
82,8227,1
82,8265,2
83,8322,3
83,8361,0
84,8420,11
84,8458,8
84,8496,0
85,8539,6
85,8577,8
86,8622,0
86,8660,2
86,8698,0
87,8738,11
87,8776,0
88,8861,0
89,8918,12
89,8956,7
89,8994,13
90,9038,0
90,9076,13
91,9120,15
91,9159,7
91,9197,0
92,9239,11
92,9277,7
93,9322,4
93,9360,1
94,9420,5
94,9459,0
94,9497,12
95,9537,8
95,9575,6
96,9621,13
96,9660,8
96,9698,4
97,9738,3
97,9776,1
98,9822,0
98,9860,5
98,9898,12
99,9939,14
99,9977,12
100,10020,0
100,10059,12
100,10097,0
101,10142,0
101,10187,3
102,10225,10
102,10263,8
103,10317,0
103,10355,2
103,10393,11
104,10437,5
104,10475,13
105,10519,4
105,10558,5
105,10596,10
106,10638,3
106,10676,0
107,10721,0
107,10759,12
108,10819,0
108,10857,0
108,10895,3
109,10937,2
109,10975,0
110,11019,5
110,11058,11
110,11096,1
111,11137,0
111,11175,2
112,11245,0
112,11286,13
113,11324,13
113,11362,2
114,11400,3
114,11441,13
114,11486,0
115,11525,0
115,11563,0
116,11622,0
116,11660,14
117,11716,0
117,11754,0
117,11792,0
118,11857,0
118,11895,0
119,11937,0
119,11975,6
121,12142,9
121,12186,8
122,12224,11
122,12262,14
123,12318,7
123,12357,0
123,12395,11
124,12437,10
124,12475,6
125,12520,0
125,12558,0
126,12618,6
126,12656,0
126,12694,7
127,12736,0
127,12774,6
128,12819,4
128,12857,13
128,12895,7
129,12935,3
129,12973,14
130,13019,9
130,13057,10
130,13095,13
131,13136,14
131,13174,13
132,13219,0
132,13258,0
133,13316,5
133,13354,0
133,13392,7
134,13435,3
134,13473,10
135,13519,4
135,13558,7
136,13617,6
136,13655,9
136,13693,6
137,13735,2
137,13773,13
138,13841,6
138,13885,15
139,13923,8
139,13961,7
140,14018,13
140,14056,0
140,14094,9
141,14135,6
141,14173,11
142,14219,0
142,14257,10
143,14316,0
143,14354,0
143,14392,2
144,14434,11
144,14473,13
145,14519,12
145,14558,0
145,14596,4
146,14636,5
146,14674,6
147,14719,9
147,14757,0
147,14795,5
148,14837,6
148,14884,0
149,14922,15
149,14960,13
150,15018,14
150,15056,13
151,15115,0
151,15153,7
151,15191,1
152,15234,0
152,15272,0
153,15318,11
153,15356,6
153,15394,0
154,15435,3
154,15473,15
155,15518,1
155,15557,1
156,15616,12
156,15654,0
156,15692,6
157,15734,0
157,15772,14
158,15818,14
158,15856,11
159,15915,8
159,15954,0
159,15992,6
160,16034,0
160,16072,13
161,16117,10
161,16155,5
161,16193,2
162,16234,5
162,16272,2
163,16319,2
163,16357,6
163,16395,10
164,16459,0
165,16516,0
165,16554,2
165,16592,4
166,16633,12
166,16671,0
167,16716,12
167,16755,7
167,16793,12
168,16834,0
168,16872,0
169,16917,0
169,16956,11
170,17015,10
170,17053,0
170,17091,3
171,17134,12
171,17172,0
172,17215,3
172,17254,0
172,17292,6
173,17333,0
173,17371,0
174,17416,8
174,17455,0
175,17514,10
175,17552,0
175,17590,5
176,17633,0
176,17671,0
177,17715,13
177,17753,3
177,17791,0
178,17833,5
178,17871,3
179,17916,12
179,17954,8
179,17992,8
180,18033,2
180,18071,8
181,18116,1
181,18155,9
181,18193,0
182,18234,11
182,18273,7
183,18313,5
183,18352,0
183,18390,4
184,18433,11
184,18471,7
185,18516,11
185,18554,7
185,18592,3
186,18633,6
186,18671,14
187,18716,3
187,18754,9
187,18792,0
188,18832,9
188,18870,1
189,18915,12
189,18953,8
189,18991,11
190,19033,8
190,19071,1
191,19113,2
191,19165,0
192,19216,14
192,19254,0
193,19313,0
193,19351,0
193,19389,13
194,19432,9
194,19470,11
195,19515,4
195,19553,0
195,19591,9
196,19632,0
196,19670,11
197,19715,9
197,19753,14
197,19791,2
198,19833,4
198,19871,12
199,19916,3
199,19954,0
200,20013,9
200,20052,0
200,20090,0
201,20131,15
201,20169,3
202,20214,1
202,20253,5
202,20291,5
203,20333,14
203,20371,10
204,20413,0
204,20451,13
204,20489,6
205,20531,11
205,20569,7
206,20614,0
206,20652,0
206,20690,9
207,20733,1
207,20771,0
208,20816,9
208,20855,8
209,20912,0
209,20950,2
209,20988,8
210,21032,0
210,21070,0
211,21115,0
211,21153,0
212,21213,11
212,21252,8
212,21290,0
213,21331,0
213,21369,11
214,21416,7
214,21454,9
215,21512,0
215,21550,14
215,21588,2
216,21630,7
216,21668,0
217,21713,0
217,21752,0
217,21790,10
218,21857,0
219,21918,0
219,21956,7
220,22014,7
220,22053,0
220,22091,2
221,22132,0
221,22170,0
222,22215,10
222,22253,4
223,22312,12
223,22350,8
223,22389,5
224,22430,1
224,22468,5
225,22513,5
225,22551,0
225,22589,2
226,22630,12
226,22668,13
227,22714,12
227,22752,14
228,22812,3
228,22850,0
228,22888,0
229,22930,7
229,22968,0
230,23013,0
230,23054,0
230,23092,0
231,23132,12
231,23179,2
232,23218,0
232,23256,0
233,23315,0
233,23353,13
233,23391,6
234,23433,7
234,23479,1
235,23517,13
235,23555,11
236,23613,2
236,23651,0
236,23689,0
237,23729,13
237,23767,10
238,23812,13
238,23850,9
238,23888,5
239,23929,0
239,23967,10
240,24013,6
240,24051,0
241,24110,7
241,24150,14
241,24188,0
242,24229,0
242,24267,12
243,24314,2
243,24352,4
244,24412,11
244,24451,0
245,24529,7
245,24567,8
246,24612,3
246,24650,0
246,24688,3
247,24729,0
247,24767,9
248,24813,2
248,24852,13
248,24890,7
249,24930,3
249,24968,5
250,25012,3
250,25050,6
250,25088,13
251,25128,7
251,25166,12
252,25212,5
252,25250,0
252,25288,2
253,25332,3
253,25378,11
254,25416,0
254,25454,2
255,25509,12
255,25547,0
255,25585,11
256,25628,0
256,25666,5
257,25712,2
257,25751,0
257,25789,7
258,25829,5
258,25867,13
259,25912,14
259,25950,8
260,26010,8
260,26048,12
260,26086,0
261,26128,3
261,26166,14
262,26211,10
262,26250,0
262,26288,4
263,26330,5
263,26378,0
264,26416,0
264,26454,10
265,26509,1
265,26548,0
265,26586,0
266,26628,8
266,26666,0
267,26711,6
267,26749,13
267,26787,6
268,26827,10
268,26865,9
269,26912,2
269,26951,11
270,27010,5
270,27048,7
270,27086,0
271,27151,4
271,27189,0
272,27229,12
272,27277,11
273,27315,14
273,27353,9
273,27391,6
274,27434,3
274,27477,0
275,27515,0
275,27553,6
276,27610,6
276,27648,6
276,27686,6
277,27727,5
277,27765,15
278,27810,0
278,27848,6
278,27886,8
279,27927,0
279,27965,11
280,28010,1
280,28048,5
280,28086,0
281,28127,14
281,28165,10
282,28210,9
282,28248,7
282,28286,2
283,28326,13
283,28364,6
284,28409,5
284,28447,0
284,28485,1
285,28528,1
285,28566,3
286,28609,0
286,28647,5
286,28685,15
287,28726,0
287,28764,1
288,28809,0
288,28848,0
289,28907,3
289,28946,0
289,28984,0
290,29026,2
290,29064,13
291,29109,1
291,29147,5
291,29185,10
292,29226,6
292,29264,2
293,29309,10
293,29347,0
293,29385,1
294,29427,11
294,29465,0
295,29510,0
295,29548,8
296,29609,0
296,29647,9
296,29685,0
297,29726,10
297,29764,14
298,29810,2
298,29864,9
299,29910,14
299,29948,2
300,30008,0
300,30046,0
300,30084,0
301,30125,8
301,30163,11
302,30208,0
302,30247,10
302,30285,6
303,30325,7
303,30363,0
304,30408,6
304,30446,10
304,30483,1
305,30525,0
305,30563,13
306,30608,5
306,30646,0
306,30684,0
307,30725,14
307,30763,0
308,30808,3
308,30847,2
309,30906,14
309,30944,13
309,30982,0
310,31025,0
310,31063,0
311,31108,7
311,31146,3
311,31184,6
312,31227,8
312,31266,12
313,31306,2
313,31344,0
313,31382,11
314,31425,2
314,31464,6
315,31506,7
315,31544,0
315,31582,3
316,31625,4
316,31663,0
317,31710,2
317,31748,10
318,31808,8
318,31846,0
318,31884,4
319,31926,1
319,31964,0
320,32007,0
320,32046,0
320,32084,5
321,32126,10
321,32164,7
322,32209,4
322,32247,7
322,32285,8
323,32326,0
323,32364,1
324,32409,9
324,32447,4
324,32485,9
325,32550,0
326,32607,4
326,32645,13
326,32683,0
327,32727,0
327,32765,0
328,32806,3
328,32844,0
328,32882,7
329,32924,0
329,32962,10
330,33007,1
330,33046,2
331,33106,0
331,33144,7
331,33182,8
332,33224,12
332,33262,12
333,33307,5
333,33345,0
333,33383,1
334,33425,13
334,33463,0
335,33508,0
335,33546,12
335,33584,0
336,33624,10
336,33663,9
337,33708,5
337,33749,0
337,33787,13
338,33827,6
338,33873,2
339,33911,1
339,33949,13
340,34008,13
340,34046,12
340,34084,6
341,34125,2
341,34163,3
342,34208,6
342,34246,0
343,34304,13
343,34342,0
343,34380,0
344,34423,12
344,34461,7
345,34506,0
345,34544,0
345,34582,10
346,34623,3
346,34661,1
347,34706,4
347,34747,0
348,34806,2
348,34844,11
348,34882,7
349,34923,11
349,34961,0
350,35005,13
350,35043,13
350,35081,7
351,35123,3
351,35161,0
352,35238,0
352,35276,5
353,35314,8
353,35352,0
354,35408,0
354,35447,0
354,35485,10
355,35525,9
355,35563,9
356,35604,0
356,35643,0
356,35683,11
357,35724,12
357,35762,11
358,35807,0
358,35846,7
359,35903,0
359,35941,1
359,35979,1
360,36023,2
360,36061,0
361,36106,3
361,36144,4
361,36182,13
362,36222,0
362,36260,9
363,36307,0
363,36346,0
364,36404,4
364,36442,0
364,36480,5
365,36522,0
365,36560,3
366,36605,0
366,36644,6
367,36703,12
367,36742,14
367,36780,0
368,36822,0
368,36860,7
369,36907,11
369,36945,14
370,37004,12
370,37042,14
370,37080,6
371,37121,6
371,37159,7
372,37204,15
372,37242,4
372,37280,8
373,37322,6
373,37360,0
374,37405,6
374,37444,7
374,37482,3
375,37523,0
375,37561,14
376,37605,12
376,37643,2
376,37681,6
377,37722,1
377,37760,1
378,37805,0
378,37843,0
379,37921,3
379,37959,0
380,38004,1
380,38042,0
380,38080,0
381,38121,9
381,38159,4
382,38204,2
382,38242,0
382,38280,4
383,38321,2
383,38359,3
384,38404,5
384,38443,11
385,38502,0
385,38542,1
385,38580,1
386,38621,0
386,38659,14
387,38704,12
387,38742,13
387,38780,4
388,38821,14
388,38859,2
389,38904,13
389,38942,14
389,38980,0
390,39020,12
390,39058,1
391,39103,3
391,39141,8
391,39179,0
392,39220,2
392,39258,0
393,39304,14
393,39342,11
393,39380,0
394,39420,10
394,39459,15
395,39504,11
395,39542,13
395,39580,14
396,39621,7
396,39659,5
397,39703,6
397,39742,3
398,39804,5
398,39842,7
398,39880,0
399,39921,1
399,39959,0
400,40002,5
400,40041,1
400,40079,13
401,40120,4
401,40158,0
402,40203,6
402,40242,0
403,40301,0
403,40339,12
403,40377,2
404,40420,3
404,40458,0
405,40502,0
405,40540,8
405,40578,6
406,40620,0
406,40658,10
407,40739,3
407,40777,13
408,40819,6
408,40857,0
409,40902,9
409,40941,14
409,40979,5
410,41020,0
410,41058,8
411,41103,5
411,41141,14
411,41179,0
412,41220,0
412,41258,2
413,41303,10
413,41342,1
414,41401,9
414,41439,0
414,41477,4
415,41520,6
415,41558,1
416,41601,13
416,41640,0
416,41678,4
417,41719,14
417,41757,7
418,41801,0
418,41840,0
418,41878,0
419,41919,1
419,41957,12
420,42001,2
420,42039,1
420,42077,0
421,42119,1
421,42157,0
422,42203,13
422,42241,0
422,42279,6
423,42323,1
423,42368,5
424,42407,6
424,42445,5
425,42500,5
425,42538,0
425,42576,0
426,42618,0
426,42657,13
427,42703,7
427,42742,0
427,42780,0
428,42821,0
428,42859,7
428,42899,5
429,42938,1
429,42976,0
430,43018,10
430,43056,12
431,43101,3
431,43140,7
432,43203,0
432,43241,7
432,43299,0
433,43337,9
434,43418,4
434,43456,0
435,43503,2
435,43541,12
436,43600,0
436,43638,10
436,43676,0
437,43718,0
437,43756,0
438,43802,0
438,43840,0
439,43900,10
439,43938,0
439,43976,0
440,44018,12
440,44056,11
441,44105,1
441,44144,3
442,44203,0
442,44242,8
442,44280,0
443,44321,0
443,44367,13
444,44405,2
444,44443,0
445,44502,5
445,44540,13
445,44599,6
446,44637,0
446,44675,1
447,44718,0
447,44756,9
448,44802,0
448,44840,2
448,44878,8
449,44918,0
449,44956,0
450,45003,0
450,45042,0
450,45099,11
451,45137,13
451,45175,0
452,45217,13
452,45255,1
453,45300,6
453,45339,14
453,45399,13
454,45437,13
454,45475,12
455,45517,0
455,45555,13
456,45601,7
456,45639,0
456,45698,9
457,45737,0
457,45775,13
458,45819,7
458,45857,12
458,45897,4
459,45936,6
459,45974,0
460,46016,10
460,46054,8
461,46123,0
461,46166,7
462,46204,11
462,46242,3
462,46280,4
463,46321,1
463,46367,0
464,46405,6
464,46443,3
465,46502,4
465,46540,0
465,46598,0
466,46636,13
466,46674,12
467,46716,1
467,46755,0
468,46801,5
468,46840,3
468,46897,0
469,46935,0
469,46973,2
470,47016,0
470,47054,12
471,47100,6
471,47138,5
471,47198,9
472,47237,1
472,47275,11
473,47316,0
473,47354,0
474,47400,5
474,47438,0
474,47476,0
475,47516,13
475,47554,6
476,47601,12
476,47639,0
476,47677,0
477,47718,2
477,47756,4
477,47798,0
478,47836,7
478,47874,0
479,47915,0
479,47953,8
479,47997,10
480,48037,8
480,48096,1
481,48134,1
481,48172,5
482,48215,0
482,48253,14
483,48304,3
483,48342,1
484,48401,12
484,48439,10
484,48497,3
485,48535,6
485,48573,3
486,48615,2
486,48653,4
486,48699,6
487,48737,1
488,48823,0
488,48865,9
489,48903,11
489,48941,7
489,48998,0
490,49036,12
490,49096,11
491,49134,14
491,49172,14
492,49214,1
492,49253,0
492,49299,8
493,49337,6
493,49375,9
494,49415,5
494,49454,0
494,49498,3
495,49537,5
495,49575,2
496,49616,5
496,49654,13
497,49700,0
497,49739,14
497,49777,13
498,49822,6
498,49864,7
499,49902,0
499,49940,3
499,49997,4
500,50036,10
500,50095,9
501,50133,0
501,50171,0
502,50214,0
502,50252,11
502,50297,0
503,50335,2
503,50373,2
504,50414,9
504,50452,0
504,50497,14
505,50535,0
505,50573,6
506,50614,0
506,50652,10
506,50695,8
507,50733,6
507,50771,15
508,50814,2
508,50852,10
508,50897,1
509,50935,5
509,50973,0
510,51015,8
510,51053,0
510,51098,10
511,51136,7
511,51174,10
512,51214,2
512,51253,12
512,51298,5
513,51337,0
513,51375,13
514,51417,6
515,51513,8
515,51551,0
515,51596,11
516,51634,6
516,51672,9
517,51713,0
517,51751,0
517,51796,0
518,51835,4
518,51894,2
519,51932,12
519,51970,0
520,52013,12
520,52051,0
520,52096,6
521,52134,13
521,52172,0
522,52217,0
522,52263,2
523,52301,0
523,52339,5
523,52395,0
524,52433,14
524,52471,10
525,52513,4
525,52551,11
525,52596,11
526,52635,13
526,52694,0
527,52733,0
527,52771,4
528,52812,6
528,52850,0
528,52896,1
529,52934,0
529,52972,0
530,53012,7
530,53051,4
530,53097,8
531,53135,0
531,53173,10
532,53215,0
532,53253,14
532,53294,0
533,53332,1
533,53370,14
534,53412,14
534,53450,0
534,53496,7
535,53534,14
535,53595,0
536,53633,14
536,53694,1
537,53732,5
537,53770,9
538,53812,12
538,53850,1
538,53895,0
539,53934,10
539,53994,2
540,54032,12
540,54070,7
541,54112,0
541,54150,4
542,54220,3
542,54262,3
543,54300,0
543,54338,5
543,54393,1
544,54436,15
544,54474,0
545,54514,7
545,54552,0
545,54595,1
546,54633,0
546,54671,9
547,54712,1
547,54750,0
547,54796,8
548,54834,0
548,54872,2
549,54913,0
549,54951,0
549,54996,12
550,55034,10
550,55092,0
551,55134,13
551,55172,0
552,55214,0
552,55261,13
552,55299,11
553,55337,7
553,55375,7
554,55415,0
554,55461,8
554,55499,12
555,55537,9
555,55593,10
556,55633,0
556,55692,11
557,55730,10
557,55768,2
558,55815,0
558,55861,14
558,55899,2
559,55937,3
559,55994,14
560,56032,13
560,56070,4
561,56111,1
561,56149,4
561,56194,8
562,56232,0
562,56270,0
563,56310,0
563,56348,2
563,56393,0
564,56432,0
564,56470,0
565,56511,2
565,56549,14
565,56594,10
566,56632,0
566,56670,12
567,56710,10
567,56748,13
567,56793,4
568,56831,6
569,56911,1
569,56949,4
571,57117,0
571,57160,13
571,57198,11
572,57236,13
572,57292,0
573,57330,0
573,57368,2
574,57410,4
574,57448,8
574,57493,0
575,57531,0
575,57569,13
576,57610,7
576,57648,3
576,57693,10
577,57732,10
577,57770,0
578,57810,0
578,57848,3
578,57895,0
579,57933,0
579,57992,9
580,58030,0
580,58068,0
581,58109,0
581,58147,0
581,58194,13
582,58233,0
582,58271,0
583,58312,2
583,58350,0
583,58392,10
584,58431,0
584,58469,2
585,58512,5
585,58550,0
585,58591,6
586,58630,0
586,58668,0
587,58709,6
587,58747,13
587,58792,9
588,58831,0
588,58869,0
589,58910,13
589,58948,2
589,58991,9
590,59030,11
590,59068,13
591,59109,0
591,59147,4
591,59192,2
592,59231,10
592,59290,5
593,59328,0
593,59366,0
594,59409,12
594,59447,3
594,59492,1
595,59531,0
596,59631,12
596,59669,13
597,59709,0
597,59747,14
597,59793,1
598,59832,9
598,59890,1
599,59928,12
599,59966,0
600,60008,11
600,60046,9
600,60091,0
601,60129,10
601,60167,13
602,60208,0
602,60246,8
602,60292,7
603,60330,3
603,60368,0
604,60409,0
604,60447,0
604,60492,0
605,60530,12
605,60591,13
606,60629,13
606,60667,0
607,60708,9
607,60746,0
607,60792,12
608,60830,0
608,60889,8
609,60928,12
609,60966,0
610,61008,10
610,61046,11
610,61093,0
611,61132,6
611,61190,0
612,61228,0
612,61266,1
613,61307,10
613,61345,0
613,61390,6
614,61429,0
614,61467,0
615,61508,7
615,61546,0
615,61591,9
616,61629,11
616,61667,0
617,61707,0
617,61745,0
617,61791,8
618,61830,0
618,61888,5
619,61927,0
619,61965,8
620,62007,8
620,62045,0
620,62090,9
621,62129,0
621,62167,0
622,62208,10
622,62247,0
622,62288,13
623,62332,0
623,62370,11
624,62411,0
624,62457,12
624,62495,13
625,62533,5
625,62589,2
626,62627,12
626,62665,9
627,62707,11
627,62745,0
627,62790,0
628,62829,12
628,62888,5
629,62927,3
629,62965,14
630,63007,0
630,63045,13
630,63092,12
631,63130,13
631,63189,7
632,63227,4
632,63265,12
633,63306,13
633,63344,2
633,63390,10
634,63428,9
634,63466,3
635,63507,0
635,63545,0
635,63590,5
636,63628,3
636,63666,11
637,63707,6
637,63746,14
637,63791,0
638,63829,13
638,63867,5
639,63907,8
639,63946,0
639,63990,6
640,64028,13
640,64087,0
641,64125,15
641,64163,0
642,64206,5
642,64244,0
642,64289,6
643,64327,2
643,64365,0
644,64406,0
644,64444,0
644,64489,2
645,64527,0
645,64565,1
646,64606,8
646,64646,1
646,64687,0
647,64725,0
647,64763,7
648,64805,0
648,64844,1
648,64889,13
649,64927,4
649,64965,0
650,65031,0
650,65069,4
651,65109,0
651,65155,0
651,65194,11
652,65232,0
652,65291,4
653,65329,12
653,65387,2
654,65425,10
654,65463,14
655,65505,7
655,65543,6
655,65589,0
656,65627,6
656,65665,0
657,65706,0
657,65744,14
657,65791,12
658,65829,0
658,65886,0
659,65924,11
659,65962,0
660,66005,1
660,66043,1
660,66088,0
661,66126,13
661,66164,13
662,66205,14
662,66243,4
662,66288,0
663,66326,0
663,66364,0
664,66404,5
664,66443,13
664,66488,9
665,66526,10
665,66564,6
666,66604,0
666,66643,12
666,66689,5
667,66727,3
667,66765,2
668,66806,3
668,66844,14
668,66885,6
669,66924,2
669,66963,5
670,67005,7
670,67044,0
670,67089,0
671,67128,0
671,67166,7
672,67206,0
672,67245,12
672,67290,0
673,67329,0
673,67367,0
674,67407,3
674,67445,0
674,67485,14
675,67524,7
675,67562,6
676,67605,0
676,67643,0
676,67688,3
677,67732,0
677,67786,14
678,67825,0
678,67863,0
679,67904,2
679,67943,6
679,67987,0
680,68025,9
680,68063,12
681,68105,0
681,68143,11
681,68188,7
682,68226,7
682,68285,1
683,68324,10
683,68362,3
684,68403,10
684,68442,0
684,68487,0
685,68525,0
685,68563,2
686,68605,14
686,68643,10
686,68688,0
687,68726,0
687,68764,9
688,68804,11
688,68843,7
688,68888,8
689,68926,5
689,68986,4
690,69024,14
690,69062,0
691,69103,4
691,69141,8
691,69186,7
692,69227,0
692,69285,9
693,69323,9
693,69361,0
694,69403,5
694,69442,1
694,69487,14
695,69525,11
695,69585,4
696,69624,8
696,69662,8
697,69703,3
697,69741,0
697,69787,4
698,69825,0
698,69885,0
699,69923,14
699,69961,0
700,70003,4
700,70041,9
700,70086,1
701,70124,4
701,70162,5
702,70205,0
702,70243,13
702,70284,4
703,70324,0
703,70362,0
704,70436,1
704,70487,10
705,70525,9
705,70584,2
706,70622,4
706,70660,2
707,70702,11
707,70740,0
707,70785,10
708,70824,11
708,70883,0
709,70922,0
709,70960,2
710,71002,9
710,71040,0
710,71085,8
711,71124,13
711,71184,14
712,71223,0
712,71261,13
713,71302,13
713,71340,0
713,71385,6
714,71425,2
714,71483,1
715,71522,9
715,71560,6
716,71602,5
716,71640,12
716,71683,2
717,71721,9
717,71759,0
718,71801,11
718,71839,3
718,71885,0
719,71923,11
719,71961,0
720,72002,0
720,72040,14
720,72085,4
721,72123,0
721,72184,6
722,72223,5
722,72261,12
723,72302,0
723,72340,11
723,72386,0
724,72424,0
724,72482,11
725,72521,2
725,72559,14
726,72601,2
726,72639,3
726,72684,0
727,72722,8
727,72760,5
728,72801,8
728,72839,0
728,72884,14
729,72922,14
730,73003,12
730,73041,14
730,73081,4
731,73120,0
731,73158,0
732,73201,0
732,73239,3
732,73284,13
733,73322,0
733,73360,3
734,73401,14
734,73439,12
734,73487,14
735,73525,0
735,73583,0
736,73621,11
736,73659,5
737,73700,1
737,73738,3
737,73783,0
738,73821,9
738,73859,0
739,73900,0
739,73938,0
739,73985,0
740,74023,0
740,74081,9
741,74119,0
741,74157,0
742,74200,0
742,74238,0
742,74283,13
743,74321,0
743,74359,10
744,74400,0
744,74439,11
744,74485,6
745,74523,13
745,74582,3
746,74620,13
746,74658,11
747,74700,14
747,74738,0
747,74784,3
748,74823,0
748,74881,1
749,74920,0
749,74958,12
750,75000,9
750,75038,9
750,75083,11
751,75121,4
751,75159,11
752,75200,11
752,75238,0
752,75283,7
753,75321,9
753,75359,4
753,75399,12
754,75438,13
754,75483,7
755,75526,8
755,75582,10
756,75620,11
756,75658,2
756,75699,0
757,75737,0
757,75783,0
758,75821,0
758,75859,3
758,75899,6
759,75938,3
759,75981,3
760,76020,11
760,76058,0
761,76100,0
761,76138,0
761,76183,0
762,76221,1
762,76280,15
763,76318,0
763,76356,2
764,76400,0
764,76439,10
764,76480,7
765,76519,0
765,76557,0
765,76599,8
766,76637,0
766,76682,12
767,76720,0
767,76758,0
767,76799,10
768,76837,9
768,76884,3
769,76922,0
769,76981,10
770,77019,0
770,77057,2
770,77098,9
771,77136,13
771,77181,3
772,77220,12
772,77258,3
772,77299,0
773,77337,5
773,77383,9
774,77421,14
774,77482,10
775,77520,5
775,77580,2
776,77618,6
776,77656,11
776,77699,15
777,77737,0
777,77783,3
778,77822,14
778,77879,11
779,77917,4
779,77955,1
780,78023,9
780,78080,13
781,78118,11
781,78156,0
781,78198,0
782,78236,11
782,78281,0
783,78319,13
783,78357,6
783,78398,4
784,78436,0
784,78479,13
785,78517,0
785,78555,1
785,78598,12
786,78636,10
786,78681,2
787,78720,5
787,78758,10
787,78799,15
788,78837,1
788,78882,4
789,78920,0
789,78980,3
790,79018,0
790,79056,10
790,79097,2
791,79135,6
791,79181,0
792,79219,9
792,79278,12
793,79316,2
793,79354,0
793,79398,12
794,79447,5
794,79485,5
795,79523,1
795,79579,0
796,79617,0
796,79655,10
796,79697,2
797,79735,0
797,79780,15
798,79818,12
798,79856,0
798,79897,28
799,79935,5
799,79980,13
800,80018,9
800,80056,3
800,80097,0
801,80135,0
801,80180,6
802,80218,0
802,80256,0
802,80297,4
803,80335,12
803,80380,0
804,80419,9
804,80477,13
805,80515,0
805,80553,13
805,80596,10
806,80634,0
807,80720,10
807,80778,5
808,80816,11
808,80854,0
808,80899,5
809,80937,11
809,80982,0
810,81020,4
810,81078,0
811,81116,0
811,81154,13
0,25,7
0,25,43
0,80,8
1,118,4
1,156,3
1,194,7
2,232,14
2,270,0
3,308,0
3,346,3
3,384,1
4,422,15
4,460,0
4,498,1
5,549,7
5,589,0
6,627,10
6,665,14
7,703,13
7,741,3
7,790,3
8,828,13
8,887,8
9,925,14
9,963,7
10,1001,13
10,1039,5
10,1088,8
11,1126,8
11,1164,4
12,1202,9
12,1240,0
12,1289,10
13,1328,16
13,1387,10
14,1425,4
14,1463,16
15,1501,2
15,1539,12
16,1610,9
16,1649,2
16,1688,14
17,1727,15
17,1765,9
18,1803,3
18,1841,9
18,1890,8
19,1929,12
19,1967,4
20,2005,6
20,2043,12
20,2087,8
21,2125,4
21,2163,13
22,2201,5
22,2239,3
22,2288,1
23,2326,9
23,2364,13
24,2402,7
24,2440,8
24,2489,7
25,2528,13
25,2587,3
26,2625,15
26,2663,9
27,2701,15
27,2739,10
27,2788,7
28,2826,0
28,2864,15
29,2902,10
29,2940,0
29,2986,10
30,3024,0
30,3062,14
31,3100,9
31,3138,0
31,3187,3
32,3225,6
32,3263,11
33,3301,9
33,3339,13
33,3388,6
34,3426,14
34,3464,6
35,3502,13
35,3540,9
35,3590,14
36,3628,9
36,3688,4
37,3726,0
37,3764,15
38,3802,13
38,3840,11
38,3889,8
39,3927,14
39,3965,12
40,4003,15
40,4041,11
40,4090,10
41,4131,10
41,4185,14
42,4223,9
42,4261,9
43,4300,14
43,4338,13
43,4387,5
44,4425,13
44,4463,5
45,4501,15
45,4539,7
45,4589,9
46,4627,2
46,4686,10
47,4724,13
47,4762,5
48,4800,12
48,4838,10
48,4887,8
49,4925,12
49,4963,14
50,5001,4
50,5039,0
50,5088,6
51,5126,14
51,5185,15
52,5223,0
52,5261,8
53,5320,3
53,5357,0
53,5395,4
54,5433,5
54,5487,4
55,5525,12
55,5563,14
56,5601,6
56,5639,8
56,5688,14
57,5726,13
57,5785,6
58,5823,0
58,5861,0
58,5899,14
59,5937,15
59,5988,9
60,6027,13
60,6086,11
61,6124,0
61,6162,12
62,6200,14
62,6238,5
62,6287,7
63,6325,7
63,6384,6
64,6422,0
64,6460,13
64,6498,8
65,6536,1
65,6585,7
66,6623,2
66,6661,3
67,6700,3
67,6738,15
67,6787,10
68,6825,16
68,6884,8
69,6922,11
69,6960,2
69,6998,11
70,7036,8
70,7085,0
71,7123,1
71,7161,5
71,7199,15
72,7237,0
72,7287,10
73,7325,0
73,7384,1
74,7423,13
74,7461,11
74,7499,14
75,7537,11
75,7586,5
76,7624,10
76,7662,6
77,7700,4
77,7738,9
77,7787,6
78,7825,7
78,7885,9
79,7923,3
79,7961,2
79,7999,14
80,8037,8
80,8086,8
81,8124,5
81,8183,6
82,8221,9
82,8259,7
82,8297,0
83,8335,0
83,8385,0
84,8423,8
84,8483,12
85,8521,11
85,8559,0
85,8597,14
86,8635,14
86,8684,3
87,8722,14
87,8760,5
87,8798,7
88,8836,5
88,8885,1
89,8924,9
89,8962,2
90,9000,11
90,9039,2
90,9083,0
91,9121,14
91,9159,14
91,9197,14
92,9235,8
92,9284,2
93,9322,0
93,9360,10
93,9398,4
94,9439,0
94,9483,5
95,9521,7
95,9559,12
95,9597,9
96,9635,13
96,9684,14
97,9722,13
97,9760,0
97,9798,0
98,9836,4
98,9885,0
99,9923,13
99,9961,1
99,9999,15
100,10037,13
100,10086,11
101,10124,13
101,10183,8
102,10222,6
102,10260,13
102,10298,9
103,10336,14
103,10385,8
104,10423,14
104,10482,5
105,10520,11
105,10558,0
105,10596,13
106,10634,15
106,10683,4
107,10721,6
107,10759,3
107,10797,3
108,10835,13
108,10884,14
109,10922,0
109,10960,13
109,10998,0
110,11036,8
110,11085,11
111,11123,0
111,11182,11
112,11223,6
112,11283,2
113,11321,3
113,11359,2
113,11397,2
114,11436,8
114,11485,5
115,11523,2
115,11582,9
116,11620,12
116,11658,10
116,11696,5
117,11734,12
117,11783,5
118,11822,12
118,11881,12
119,11920,10
119,11958,0
119,11996,9
120,12034,0
120,12083,2
121,12121,5
121,12159,0
121,12197,0
122,12235,0
122,12284,6
123,12322,14
123,12381,4
124,12419,13
124,12457,7
124,12495,14
125,12533,0
125,12583,14
126,12621,0
126,12659,3
126,12697,4
127,12735,8
127,12784,2
128,12822,2
128,12881,0
129,12919,0
129,12957,1
129,12995,13
130,13033,3
130,13082,4
131,13120,1
131,13158,5
131,13196,2
132,13234,9
132,13283,13
133,13321,13
133,13380,6
134,13418,13
134,13456,8
134,13494,11
135,13532,4
135,13581,1
136,13619,4
136,13657,1
136,13695,13
137,13733,3
137,13783,2
138,13821,2
138,13880,2
139,13918,0
139,13956,3
139,13994,3
140,14032,9
140,14081,12
141,14120,15
141,14158,1
141,14196,5
142,14234,3
142,14283,0
143,14321,0
143,14381,0
144,14419,6
144,14457,4
144,14495,2
145,14533,6
145,14582,0
146,14621,11
146,14680,11
147,14721,4
147,14780,7
148,14818,9
148,14856,4
148,14894,14
149,14932,10
149,14980,8
150,15018,0
150,15056,11
150,15094,4
151,15132,5
151,15181,4
152,15219,1
152,15257,3
152,15295,6
153,15333,0
153,15382,11
154,15420,6
154,15479,0
155,15517,2
155,15555,13
155,15593,0
156,15631,8
156,15680,9
157,15718,11
157,15756,5
157,15794,12
158,15832,0
158,15881,14
159,15920,1
159,15958,7
159,15996,3
160,16034,2
160,16082,4
161,16121,5
161,16181,0
162,16219,13
162,16278,6
163,16316,0
163,16354,13
163,16392,7
164,16430,4
164,16479,12
165,16518,0
165,16556,1
165,16594,12
166,16632,11
166,16681,8
167,16719,0
167,16779,4
168,16817,15
168,16855,15
168,16893,0
169,16931,0
169,16982,13
170,17021,9
170,17080,4
171,17118,13
171,17156,13
171,17194,0
172,17232,0
172,17281,2
173,17319,0
173,17379,4
174,17417,0
174,17455,0
174,17493,11
175,17531,14
175,17580,4
176,17618,5
176,17656,6
176,17694,10
177,17732,0
177,17781,0
178,17819,6
178,17878,1
179,17916,14
179,17954,0
179,17992,6
180,18030,6
180,18079,7
181,18117,11
181,18155,6
181,18193,0
182,18231,5
182,18280,14
183,18318,9
183,18377,15
184,18415,7
184,18453,11
184,18491,5
185,18529,7
185,18579,0
186,18617,1
186,18655,5
186,18693,0
187,18731,1
187,18780,12
188,18819,6
188,18878,7
189,18916,14
189,18954,9
189,18992,15
190,19030,15
190,19079,2
191,19117,3
191,19155,12
191,19193,9
192,19231,4
192,19280,5
193,19318,12
193,19377,11
194,19416,6
194,19454,14
194,19492,0
195,19530,4
195,19579,0
196,19617,7
196,19655,6
196,19693,1
197,19731,1
197,19781,3
198,19819,13
198,19878,1
199,19917,13
199,19955,5
199,19993,0
200,20031,9
200,20080,8
201,20118,0
201,20177,0
202,20215,3
202,20253,0
202,20291,5
203,20329,13
203,20380,4
204,20418,13
204,20477,14
205,20515,0
205,20553,2
205,20591,11
206,20629,7
206,20678,7
207,20716,1
207,20754,0
207,20792,7
208,20830,8
208,20879,6
209,20917,0
209,20955,0
209,20993,5
210,21031,9
210,21080,0
211,21118,0
211,21177,14
212,21215,14
212,21253,15
212,21291,14
213,21329,6
213,21378,0
214,21416,8
214,21454,8
214,21492,14
215,21530,3
215,21580,10
216,21618,15
216,21680,3
217,21718,13
217,21777,0
218,21816,12
218,21875,8
219,21913,10
219,21951,0
219,21989,7
220,22027,8
220,22076,0
221,22114,0
221,22152,9
221,22190,0
222,22228,0
222,22277,5
223,22316,15
223,22375,4
224,22413,0
224,22451,7
224,22489,6
225,22527,15
225,22576,14
226,22614,6
226,22652,14
226,22690,4
227,22728,6
227,22778,10
228,22816,14
228,22875,2
229,22913,9
229,22951,1
229,22989,11
230,23027,7
230,23076,5
231,23114,6
231,23152,8
231,23190,8
232,23228,0
232,23277,1
233,23315,5
233,23375,0
234,23418,1
234,23477,5
235,23516,9
235,23575,9
236,23613,12
236,23651,7
236,23689,2
237,23727,1
237,23776,12
238,23814,8
238,23852,0
238,23890,4
239,23928,15
239,23976,16
240,24014,0
240,24052,8
240,24090,0
241,24128,0
241,24177,13
242,24216,1
242,24254,0
242,24292,2
243,24330,14
243,24374,13
244,24412,11
244,24450,13
244,24488,9
245,24526,3
245,24576,13
246,24614,0
246,24652,5
246,24690,8
247,24728,12
247,24777,7
248,24815,0
248,24874,0
249,24912,0
249,24950,0
249,24988,7
250,25026,4
250,25075,15
251,25117,0
251,25177,0
252,25215,0
252,25274,8
253,25312,14
253,25350,0
253,25388,9
254,25426,7
254,25475,5
255,25513,0
255,25551,7
255,25589,9
256,25627,12
256,25676,0
257,25714,6
257,25775,8
258,25813,7
258,25851,7
258,25889,3
259,25927,11
259,25973,6
260,26011,9
260,26049,6
260,26087,12
261,26125,4
261,26174,4
262,26212,2
262,26250,13
262,26288,2
263,26326,3
263,26376,11
264,26414,11
264,26473,14
265,26511,10
265,26549,12
265,26587,11
266,26625,8
266,26674,3
267,26712,2
267,26750,2
267,26788,8
268,26826,0
268,26878,4
269,26916,11
269,26973,7
270,27012,8
270,27050,9
270,27088,1
271,27126,13
271,27175,10
272,27213,11
272,27272,9
273,27310,13
273,27348,0
273,27386,1
274,27424,9
274,27473,13
275,27511,4
275,27549,2
275,27587,5
276,27625,10
276,27674,0
277,27712,1
277,27750,3
277,27788,5
278,27826,8
278,27875,12
279,27913,11
279,27951,1
279,27989,13
280,28027,5
280,28076,0
281,28114,0
281,28174,0
282,28212,8
282,28250,6
282,28288,8
283,28326,14
283,28375,0
284,28413,6
284,28472,15
285,28511,9
285,28549,15
285,28587,7
286,28625,12
286,28674,9
287,28712,6
287,28772,12
288,28810,0
288,28848,1
288,28886,8
289,28924,10
289,28972,4
290,29010,14
290,29048,6
290,29086,13
291,29124,13
291,29173,2
292,29211,1
292,29249,5
292,29287,11
293,29325,9
293,29375,15
294,29413,13
294,29472,7
295,29510,8
295,29548,0
295,29586,5
296,29624,8
296,29673,4
297,29711,15
297,29749,11
297,29787,10
298,29825,6
298,29874,15
299,29913,0
299,29971,7
300,30009,15
300,30047,2
300,30085,4
301,30123,6
301,30172,0
302,30210,3
302,30248,6
302,30286,8
303,30327,6
303,30371,8
304,30410,8
304,30448,14
304,30486,6
305,30524,0
305,30574,11
306,30612,6
306,30671,5
307,30709,6
307,30747,12
307,30785,6
308,30823,11
308,30873,3
309,30911,8
309,30949,4
309,30987,3
310,31025,2
310,31074,0
311,31112,13
311,31172,0
312,31210,1
312,31248,0
312,31286,3
313,31324,6
313,31373,0
314,31411,4
314,31470,1
315,31508,0
315,31546,3
315,31584,3
316,31622,0
316,31671,4
317,31709,2
317,31747,2
317,31786,9
318,31824,1
318,31873,15
319,31912,6
319,31950,4
319,31988,10
320,32026,0
320,32073,13
321,32111,0
321,32170,4
322,32208,13
322,32246,6
322,32284,4
323,32322,0
323,32372,1
324,32410,13
324,32469,5
325,32507,0
325,32545,8
325,32583,15
326,32621,9
326,32670,7
327,32708,0
327,32746,0
327,32784,10
328,32822,7
328,32871,16
329,32909,8
329,32947,6
329,32985,0
330,33023,14
330,33072,3
331,33110,1
331,33169,2
332,33207,0
332,33245,14
332,33283,4
333,33321,12
333,33370,12
334,33408,0
334,33446,7
334,33484,11
335,33522,10
335,33572,0
336,33610,0
336,33669,8
337,33707,1
337,33745,4
337,33783,3
338,33824,2
338,33868,0
339,33906,12
339,33944,7
339,33982,4
340,34020,13
340,34069,12
341,34107,14
341,34145,0
341,34183,4
342,34221,1
342,34270,13
343,34308,13
343,34346,9
343,34384,15
344,34422,12
344,34471,4
345,34509,0
345,34568,0
346,34606,15
346,34644,11
346,34682,12
347,34721,0
347,34769,0
348,34808,12
348,34846,2
348,34884,2
349,34922,2
349,34969,4
350,35007,13
350,35045,13
350,35083,7
351,35121,6
351,35170,12
352,35209,0
352,35268,11
353,35306,0
353,35344,0
353,35382,0
354,35420,7
354,35469,0
355,35507,10
355,35545,8
355,35583,8
356,35621,10
356,35670,0
357,35709,8
357,35768,9
358,35806,4
358,35844,7
358,35882,9
359,35920,12
359,35971,11
360,36009,9
360,36068,3
361,36107,0
361,36145,13
361,36183,5
362,36221,6
362,36270,12
363,36308,9
363,36367,1
364,36405,0
364,36443,7
364,36481,3
365,36519,12
365,36568,0
366,36607,1
366,36645,0
366,36683,15
367,36721,1
367,36770,0
368,36808,8
368,36867,0
369,36905,14
369,36943,5
369,36981,15
370,37019,10
370,37068,1
371,37107,7
371,37166,0
372,37204,0
372,37242,14
372,37280,11
373,37321,4
373,37370,13
374,37408,10
374,37467,0
375,37506,3
375,37544,4
375,37582,15
376,37620,12
376,37669,3
377,37708,2
377,37767,0
378,37805,3
378,37843,11
378,37881,2
379,37919,2
379,37970,6
380,38009,13
380,38068,0
381,38106,0
381,38144,3
381,38182,0
382,38220,11
382,38270,6
383,38308,12
383,38367,1
384,38406,12
384,38444,7
384,38482,7
385,38520,12
385,38569,11
386,38607,2
386,38666,2
387,38704,12
387,38742,7
387,38780,14
388,38818,7
388,38868,4
389,38906,7
389,38944,1
389,38982,8
390,39020,7
390,39069,0
391,39107,6
391,39166,10
392,39204,8
392,39242,0
392,39280,11
393,39318,8
393,39367,7
394,39406,2
394,39466,13
395,39504,10
395,39542,10
395,39580,12
396,39618,6
396,39667,5
397,39705,14
397,39743,5
397,39781,6
398,39819,14
398,39868,0
399,39906,9
399,39944,0
399,39982,14
400,40020,5
400,40070,8
401,40108,6
401,40167,11
402,40205,0
402,40243,13
402,40281,14
403,40319,3
403,40368,3
404,40407,0
404,40466,3
405,40504,0
405,40542,4
405,40580,7
406,40618,0
406,40668,0
407,40709,15
407,40768,14
408,40806,0
