gps_sow,  rssi, ber
392168.5900,  -83, 0.0
392168.6000,  -82, 0.0
392168.8400,  -75, 0.0
392169.0900,  -78, 0.0
392169.3500,  -78, 0.0
392169.5900,  -83, 0.0
392169.8400,  -79, 0.0
392170.1200,  -82, 0.0
392170.3500,  -82, 0.0
392170.6000,  -79, 0.0
392171.1100,  -84, 0.0
392171.3500,  -70, 0.0
392171.3800,  -70, 0.0
392171.4100,  -81, 0.0
392171.6000,  -74, 0.0
392171.6300,  -73, 0.0
392171.8500,  -74, 0.0
392172.1000,  -79, 0.0
392172.3600,  -67, 0.0
392172.6600,  -73, 0.0
392172.8600,  -67, 0.0
392173.1200,  -72, 0.0
392173.1300,  -72, 0.0
392173.3600,  -69, 0.0
392173.6100,  -73, 0.0
392173.8600,  -69, 0.0
392173.8700,  -70, 0.0
392173.8710,  -71, 0.0
392173.8800,  -70, 0.0
392174.2000,  -73, 0.0
392174.3700,  -73, 0.0
392174.6100,  -83, 0.0
392174.8600,  -68, 0.0
392175.0200,  -66, 0.0
392175.4100,  -71, 0.0
392175.6100,  -84, 0.0
392175.8700,  -69, 0.0
392175.8710,  -70, 0.0
392176.1300,  -67, 0.0
392176.3600,  -68, 0.0
392176.6200,  -70, 0.0
392176.9000,  -71, 0.0
392177.1200,  -70, 0.0
392177.4800,  -67, 0.0
392177.6200,  -69, 0.0
392177.6300,  -70, 0.0
392177.8700,  -70, 0.0
392177.8800,  -70, 0.0
392178.1200,  -72, 0.0
392178.5000,  -77, 0.0
392178.6300,  -72, 0.0
392178.8700,  -71, 0.0
392179.1300,  -78, 0.0
392179.3700,  -76, 0.0
392179.6700,  -70, 0.0
392179.9100,  -72, 0.0
392180.1300,  -72, 0.0
392180.3800,  -75, 0.0
392180.6600,  -74, 0.0
392181.0100,  -75, 0.0
392181.1600,  -75, 0.0
392181.1700,  -75, 0.0
392181.4400,  -73, 0.0
392181.6300,  -74, 0.0
392181.8800,  -71, 0.0
392181.8900,  -70, 0.0
392181.9000,  -69, 0.0
392182.2400,  -68, 0.0
392182.3800,  -71, 0.0
392182.6300,  -72, 0.0
392182.6400,  -72, 0.0
392182.8800,  -73, 0.0
392183.1300,  -71, 0.0
392183.3800,  -79, 0.0
392183.3900,  -78, 0.0
392183.4100,  -77, 0.0
392183.6400,  -74, 0.0
392183.8900,  -69, 0.0
392184.1400,  -69, 0.0
392184.3800,  -79, 0.0
392184.6300,  -75, 0.0
392184.9100,  -69, 0.0
392185.1400,  -71, 0.0
392185.3900,  -71, 0.0
392185.6400,  -70, 0.0
392185.6500,  -70, 0.0
392185.8900,  -74, 0.0
392186.1400,  -68, 0.0
392186.3900,  -72, 0.0
392186.6400,  -71, 0.0
392186.6500,  -72, 0.0
392186.6600,  -73, 0.0
392186.8900,  -70, 0.0
392186.9200,  -69, 0.0
392187.1400,  -71, 0.0
392187.4000,  -75, 0.0
392187.9200,  -70, 0.0
392187.9700,  -75, 0.0
392188.2000,  -75, 0.0
392188.3900,  -76, 0.0
392188.6400,  -71, 0.0
392188.9000,  -75, 0.0
392189.1500,  -73, 0.0
392189.4000,  -80, 0.0
392189.4200,  -80, 0.0
392189.6600,  -76, 0.0
392189.6900,  -74, 0.0
392189.9000,  -72, 0.0
392190.1500,  -74, 0.0
392190.4000,  -76, 0.0
392190.6500,  -69, 0.0
392190.9000,  -73, 0.0
392191.1500,  -69, 0.0
392191.4600,  -73, 0.0
392191.6600,  -73, 0.0
392191.9000,  -77, 0.0
392192.1500,  -79, 0.0
392192.4100,  -70, 0.0
392192.6600,  -75, 0.0
392192.9200,  -73, 0.0
392193.1600,  -73, 0.0
392193.4100,  -72, 0.0
392193.6600,  -71, 0.0
392193.9300,  -70, 0.0
392194.1500,  -70, 0.0
392194.4100,  -72, 0.0
392194.4300,  -71, 0.0
392194.6700,  -71, 0.0
392194.6800,  -72, 0.0
392195.0100,  -72, 0.0
392195.1600,  -72, 0.0
392195.4100,  -73, 0.0
392195.6700,  -75, 0.0
392195.9100,  -74, 0.0
392196.1600,  -72, 0.0
392196.4600,  -71, 0.0
392196.7100,  -75, 0.0
392197.0200,  -72, 0.0
392197.1700,  -71, 0.0
392197.4200,  -73, 0.0
392197.6700,  -72, 0.0
392197.9200,  -74, 0.0
392198.2600,  -71, 0.0
392198.4200,  -72, 0.0
392198.6800,  -73, 0.0
392198.9300,  -73, 0.0
392198.9600,  -71, 0.0
392199.2400,  -72, 0.0
392199.4200,  -70, 0.0
392199.6800,  -72, 0.0
392200.1700,  -72, 0.0
392200.4300,  -71, 0.0
392200.7300,  -71, 0.0
392200.9400,  -73, 0.0
392201.1900,  -73, 0.0
392201.4200,  -75, 0.0
392201.4300,  -73, 0.0
392201.6900,  -73, 0.0
392201.9300,  -72, 0.0
392202.1800,  -74, 0.0
392202.4300,  -74, 0.0
392202.6800,  -80, 0.0
392202.9300,  -69, 0.0
392203.1800,  -75, 0.0
392203.4300,  -73, 0.0
392203.6800,  -74, 0.0
392203.9400,  -72, 0.0
392203.9500,  -72, 0.0
392204.1800,  -71, 0.0
392204.1900,  -74, 0.0
392204.2000,  -71, 0.0
392204.4700,  -73, 0.0
392204.7700,  -72, 0.0
392205.0300,  -72, 0.0
392205.2500,  -71, 0.0
392205.6900,  -71, 0.0
392205.6910,  -74, 0.0
392206.0000,  -73, 0.0
392206.0100,  -71, 0.0
392206.1900,  -70, 0.0
392206.9500,  -72, 0.0
392207.2100,  -72, 0.0
392207.3300,  -69, 0.0
392207.4400,  -73, 0.0
392207.7100,  -70, 0.0
392207.9400,  -72, 0.0
392208.2000,  -70, 0.0
392208.4500,  -72, 0.0
392208.4600,  -70, 0.0
392208.7100,  -73, 0.0
392208.9400,  -72, 0.0
392209.2000,  -74, 0.0
392209.2010,  -74, 0.0
392209.2200,  -74, 0.0
392209.2300,  -72, 0.0
392209.4800,  -72, 0.0
392209.7300,  -75, 0.0
392210.0300,  -72, 0.0
392210.2300,  -72, 0.0
392210.4600,  -74, 0.0
392210.7100,  -74, 0.0
392210.9700,  -75, 0.0
392211.2400,  -73, 0.0
392211.7100,  -74, 0.0
392211.9600,  -78, 0.0
392212.2000,  -77, 0.0
392212.2100,  -75, 0.0
392212.2500,  -75, 0.0
392212.5100,  -74, 0.0
392212.7100,  -73, 0.0
392212.9600,  -75, 0.0
392213.2300,  -71, 0.0
392213.2400,  -73, 0.0
392213.2500,  -73, 0.0
392213.2510,  -71, 0.0
392213.4600,  -72, 0.0
392214.1800,  -74, 0.0
392214.2800,  -72, 0.0
392214.4600,  -73, 0.0
392214.4700,  -73, 0.0
392214.4710,  -73, 0.0
392214.7100,  -74, 0.0
392214.7500,  -73, 0.0
392215.0100,  -71, 0.0
392215.2100,  -72, 0.0
392215.5400,  -72, 0.0
392215.5410,  -72, 0.0
392215.7100,  -73, 0.0
392215.9600,  -77, 0.0
392216.3900,  -74, 0.0
392216.4800,  -73, 0.0
392216.7200,  -77, 0.0
392216.7500,  -76, 0.0
392216.9900,  -77, 0.0
392216.9910,  -76, 0.0
392217.2100,  -73, 0.0
392217.5000,  -77, 0.0
392217.7200,  -79, 0.0
392217.7400,  -80, 0.0
392217.7500,  -79, 0.0
392218.0100,  -77, 0.0
392218.0200,  -79, 0.0
392218.2200,  -72, 0.0
392218.5000,  -73, 0.0
392218.5200,  -72, 0.0
392218.7200,  -73, 0.0
392219.0600,  -70, 0.0
392219.2200,  -75, 0.0
392219.5000,  -73, 0.0
392219.8600,  -72, 0.0
392220.2400,  -72, 0.0
392220.5200,  -70, 0.0
392220.6100,  -71, 0.0
392220.6200,  -72, 0.0
392220.6300,  -71, 0.0
392220.8800,  -73, 0.0
392221.1300,  -73, 0.0
392221.3100,  -72, 0.0
392221.5200,  -73, 0.0
392221.7800,  -73, 0.0
392222.1300,  -72, 0.0
392222.3700,  -72, 0.0
392222.4800,  -74, 0.0
392222.7300,  -72, 0.0
392222.9800,  -74, 0.0
392223.2900,  -75, 0.0
392223.4900,  -74, 0.0
392223.7300,  -73, 0.0
392223.9900,  -74, 0.0
392224.0200,  -73, 0.0
392224.2300,  -73, 0.0
392224.4800,  -75, 0.0
392224.4900,  -75, 0.0
392224.7300,  -77, 0.0
392225.1000,  -77, 0.0
392225.2500,  -79, 0.0
392225.6500,  -75, 0.0
392225.7300,  -74, 0.0
392225.9900,  -79, 0.0
392226.2400,  -71, 0.0
392226.4900,  -72, 0.0
392226.5000,  -71, 0.0
392226.7600,  -73, 0.0
392227.0600,  -72, 0.0
392227.0700,  -72, 0.0
392227.2700,  -72, 0.0
392227.2800,  -72, 0.0
392227.2810,  -73, 0.0
392227.7200,  -71, 0.0
392227.8600,  -70, 0.0
392227.9900,  -72, 0.0
392228.0000,  -74, 0.0
392228.0600,  -74, 0.0
392228.2400,  -71, 0.0
392228.4900,  -72, 0.0
392228.7500,  -72, 0.0
392229.0500,  -71, 0.0
392229.2500,  -71, 0.0
392229.5000,  -72, 0.0
392229.7500,  -73, 0.0
392229.7600,  -72, 0.0
392229.7800,  -72, 0.0
392230.0000,  -71, 0.0
392230.0400,  -72, 0.0
392230.2600,  -71, 0.0
392230.2700,  -71, 0.0
392230.5000,  -72, 0.0
392230.7500,  -72, 0.0
392230.7600,  -73, 0.0
392231.0000,  -73, 0.0
392231.0100,  -76, 0.0
392231.3100,  -74, 0.0
392231.8500,  -75, 0.0
392231.8600,  -74, 0.0
392231.8700,  -74, 0.0
392232.1100,  -76, 0.0
392232.1200,  -75, 0.0
392232.3800,  -74, 0.0
392232.5400,  -76, 0.0
392232.6100,  -78, 0.0
392232.8300,  -77, 0.0
392233.1800,  -78, 0.0
392233.3400,  -77, 0.0
392233.5100,  -77, 0.0
392233.7600,  -71, 0.0
392233.7700,  -75, 0.0
392234.0100,  -73, 0.0
392234.2900,  -76, 0.0
392234.3000,  -74, 0.0
392234.5300,  -78, 0.0
392234.7600,  -73, 0.0
392235.0700,  -73, 0.0
392235.3100,  -73, 0.0
392235.5100,  -69, 0.0
392235.7600,  -72, 0.0
392236.0200,  -73, 0.0
392236.0300,  -71, 0.0
392236.0400,  -72, 0.0
392236.2600,  -74, 0.0
392236.5600,  -78, 0.0
392236.8200,  -79, 0.0
392237.1200,  -74, 0.0
392237.6700,  -70, 0.0
392238.1400,  -72, 0.0
392238.1600,  -71, 0.0
392238.1700,  -71, 0.0
392238.2900,  -71, 0.0
392238.4700,  -72, 0.0
392238.5800,  -71, 0.0
392238.7700,  -69, 0.0
392239.1200,  -73, 0.0
392239.4500,  -73, 0.0
392239.5200,  -74, 0.0
392239.7900,  -73, 0.0
392239.8100,  -76, 0.0
392240.0300,  -76, 0.0
392240.3000,  -75, 0.0
392240.5300,  -74, 0.0
392240.8100,  -74, 0.0
392241.0200,  -73, 0.0
392241.2800,  -73, 0.0
392241.2900,  -73, 0.0
392241.7100,  -75, 0.0
392241.7800,  -73, 0.0
392242.0300,  -74, 0.0
392242.2800,  -71, 0.0
392242.5300,  -75, 0.0
392242.5400,  -74, 0.0
392243.1700,  -80, 0.0
392243.3500,  -77, 0.0
392243.5300,  -80, 0.0
392243.5400,  -80, 0.0
392243.5600,  -80, 0.0
392243.7800,  -80, 0.0
392244.0300,  -75, 0.0
392244.2800,  -74, 0.0
392244.5300,  -77, 0.0
392244.7900,  -76, 0.0
392244.8100,  -76, 0.0
392245.0300,  -74, 0.0
392245.2800,  -74, 0.0
392245.5400,  -73, 0.0
392245.7900,  -74, 0.0
392245.7910,  -73, 0.0
392246.2900,  -75, 0.0
392246.5400,  -73, 0.0
392246.7900,  -77, 0.0
392247.0400,  -73, 0.0
392247.3000,  -80, 0.0
392247.3100,  -77, 0.0
392247.5400,  -74, 0.0
392247.5600,  -74, 0.0
392247.7900,  -73, 0.0
392247.8000,  -72, 0.0
392247.8100,  -72, 0.0
392248.0500,  -74, 0.0
392248.0900,  -78, 0.0
392248.2900,  -75, 0.0
392248.5500,  -72, 0.0
392248.8000,  -70, 0.0
392249.0500,  -70, 0.0
392249.3000,  -72, 0.0
392249.5500,  -71, 0.0
392249.8500,  -71, 0.0
392250.0500,  -72, 0.0
392250.3000,  -72, 0.0
392250.3100,  -72, 0.0
392250.3200,  -72, 0.0
392250.5500,  -72, 0.0
392250.8000,  -73, 0.0
392251.1300,  -79, 0.0
392251.3000,  -75, 0.0
392251.5600,  -71, 0.0
392251.8300,  -70, 0.0
392252.0600,  -72, 0.0
392252.3200,  -69, 0.0
392252.5500,  -69, 0.0
392252.8100,  -72, 0.0
392253.0600,  -73, 0.0
392253.3100,  -75, 0.0
392253.5700,  -72, 0.0
392253.8400,  -73, 0.0
392254.0600,  -70, 0.0
392254.3100,  -71, 0.0
392254.5900,  -73, 0.0
392254.8100,  -72, 0.0
392255.0600,  -72, 0.0
392255.4700,  -72, 0.0
392255.5600,  -73, 0.0
392255.8200,  -74, 0.0
392256.0600,  -80, 0.0
392256.3300,  -78, 0.0
392256.5700,  -80, 0.0
392256.8200,  -80, 0.0
392257.0700,  -76, 0.0
392257.3100,  -81, 0.0
392257.5700,  -74, 0.0
392257.8200,  -74, 0.0
392258.1000,  -78, 0.0
392258.3200,  -67, 0.0
392259.0400,  -72, 0.0
392259.2900,  -79, 0.0
392259.3500,  -72, 0.0
392259.3510,  -73, 0.0
392259.4000,  -68, 0.0
392259.4010,  -68, 0.0
392259.4100,  -66, 0.0
392259.5700,  -75, 0.0
392259.8300,  -74, 0.0
392260.0900,  -72, 0.0
392260.0910,  -71, 0.0
392260.1000,  -72, 0.0
392260.1100,  -71, 0.0
392260.3200,  -73, 0.0
392260.5700,  -72, 0.0
392260.8600,  -72, 0.0
392261.1000,  -73, 0.0
392261.3300,  -79, 0.0
392261.5800,  -71, 0.0
392261.8300,  -73, 0.0
392262.1000,  -75, 0.0
392262.3300,  -74, 0.0
392262.5800,  -72, 0.0
392262.8300,  -72, 0.0
392263.0900,  -70, 0.0
392263.3500,  -77, 0.0
392263.3600,  -79, 0.0
392263.3900,  -80, 0.0
392263.5800,  -72, 0.0
392263.8400,  -73, 0.0
392264.0900,  -71, 0.0
392264.3400,  -72, 0.0
392264.5900,  -69, 0.0
392264.8300,  -71, 0.0
392265.1100,  -73, 0.0
392265.3400,  -74, 0.0
392265.5900,  -75, 0.0
392265.8400,  -71, 0.0
392265.8600,  -71, 0.0
392266.1000,  -74, 0.0
392266.5900,  -72, 0.0
392266.8500,  -80, 0.0
392266.8600,  -81, 0.0
392267.1000,  -74, 0.0
392267.3400,  -71, 0.0
392267.6100,  -67, 0.0
392267.8500,  -71, 0.0
392267.8700,  -72, 0.0
392268.1000,  -72, 0.0
392268.3500,  -72, 0.0
392268.6300,  -70, 0.0
392268.8500,  -71, 0.0
392269.1000,  -72, 0.0
392269.3500,  -71, 0.0
392269.6000,  -68, 0.0
392269.8500,  -76, 0.0
392270.1000,  -71, 0.0
392270.3500,  -77, 0.0
392270.6000,  -74, 0.0
392270.8700,  -73, 0.0
392270.8800,  -75, 0.0
392270.9000,  -74, 0.0
392271.1000,  -77, 0.0
392271.3600,  -74, 0.0
392271.6100,  -69, 0.0
392271.8500,  -80, 0.0
392271.8600,  -79, 0.0
392271.8900,  -79, 0.0
392272.1100,  -77, 0.0
392272.3600,  -79, 0.0
392272.6100,  -76, 0.0
392272.9000,  -69, 0.0
392273.1100,  -70, 0.0
392273.1200,  -70, 0.0
392273.3600,  -68, 0.0
392273.6100,  -69, 0.0
392273.6200,  -68, 0.0
392273.6300,  -70, 0.0
392273.8600,  -72, 0.0
392273.8700,  -71, 0.0
392274.1100,  -63, 0.0
392274.1200,  -65, 0.0
392274.3600,  -71, 0.0
392274.6100,  -61, 0.0
392274.8800,  -66, 0.0
392275.1100,  -56, 0.0
392275.3600,  -58, 0.0
392275.3700,  -61, 0.0
392275.6200,  -56, 0.0
392275.8600,  -55, 0.0
392276.1600,  -51, 0.0
392276.3600,  -50, 0.0
392276.6200,  -49, 0.0
392276.8700,  -48, 0.0
392277.3700,  -49, 0.0
392277.6200,  -51, 0.0
392277.8700,  -50, 0.0
392278.1200,  -54, 0.0
392278.3700,  -56, 0.0
392278.6200,  -61, 0.0
392278.8700,  -65, 0.0
392279.1200,  -62, 0.0
392279.4000,  -66, 0.0
392279.6300,  -61, 0.0
392279.6310,  -63, 0.0
392279.6400,  -66, 0.0
392279.6500,  -63, 0.0
392279.6600,  -64, 0.0
392279.8800,  -67, 0.0
392279.8900,  -67, 0.0
392280.1300,  -68, 0.0
392280.3800,  -66, 0.0
392280.6300,  -64, 0.0
392280.8800,  -68, 0.0
392281.1300,  -65, 0.0
392281.6300,  -62, 0.0
392281.8800,  -62, 0.0
392282.1300,  -62, 0.0
392282.3800,  -66, 0.0
392282.4400,  -65, 0.0
392282.6300,  -61, 0.0
392282.8800,  -64, 0.0
392283.1300,  -62, 0.0
392283.3800,  -64, 0.0
392283.6600,  -62, 0.0
392283.8900,  -60, 0.0
392284.1400,  -62, 0.0
392284.1410,  -62, 0.0
392284.3900,  -61, 0.0
392284.6400,  -60, 0.0
392284.6700,  -60, 0.0
392284.8900,  -60, 0.0
392284.9000,  -61, 0.0
392285.1400,  -62, 0.0
392285.3900,  -60, 0.0
392285.8900,  -60, 0.0
392285.9000,  -61, 0.0
392285.9100,  -62, 0.0
392286.1400,  -62, 0.0
392286.3900,  -63, 0.0
392286.6400,  -63, 0.0
392286.6500,  -61, 0.0
392286.9000,  -62, 0.0
392287.1400,  -61, 0.0
392287.3900,  -61, 0.0
392287.6400,  -64, 0.0
392287.6500,  -63, 0.0
392287.6600,  -62, 0.0
392287.9000,  -62, 0.0
392288.1500,  -62, 0.0
392288.4000,  -63, 0.0
392288.6500,  -62, 0.0
392288.9000,  -62, 0.0
392289.1500,  -63, 0.0
392289.4000,  -65, 0.0
392289.6500,  -64, 0.0
392289.9100,  -66, 0.0
392290.1500,  -66, 0.0
392290.4100,  -67, 0.0
392290.6600,  -68, 0.0
392290.9100,  -69, 0.0
392290.9700,  -68, 0.0
392291.1600,  -68, 0.0
392291.4100,  -68, 0.0
392291.6600,  -69, 0.0
392291.9000,  -68, 0.0
392291.9100,  -70, 0.0
392292.1900,  -68, 0.0
392292.4100,  -68, 0.0
392292.6500,  -69, 0.0
392292.7000,  -69, 0.0
392292.9100,  -70, 0.0
392293.4100,  -69, 0.0
392293.6600,  -70, 0.0
392293.9100,  -71, 0.0
392294.1900,  -68, 0.0
392294.4100,  -68, 0.0
392294.6700,  -76, 0.0
392294.9200,  -68, 0.0
392295.1700,  -66, 0.0
392295.1710,  -66, 0.0
392295.1800,  -66, 0.0
392295.1900,  -66, 0.0
392295.1910,  -66, 0.0
392295.4100,  -65, 0.0
392295.6700,  -73, 0.0
392295.9200,  -66, 0.0
392296.1700,  -63, 0.0
392296.4600,  -66, 0.0
392296.6700,  -63, 0.0
392296.6710,  -66, 0.0
392296.9300,  -68, 0.0
392296.9400,  -67, 0.0
392296.9800,  -65, 0.0
392297.1700,  -67, 0.0
392297.4300,  -66, 0.0
392297.6700,  -66, 0.0
392297.6800,  -67, 0.0
392297.7300,  -65, 0.0
392297.9200,  -68, 0.0
392298.1700,  -67, 0.0
392298.4200,  -69, 0.0
392298.6800,  -67, 0.0
392298.7000,  -67, 0.0
392298.9200,  -65, 0.0
392299.1800,  -63, 0.0
392299.4300,  -64, 0.0
392299.4310,  -66, 0.0
392299.4400,  -68, 0.0
392299.6900,  -62, 0.0
392299.9300,  -70, 0.0
392300.1800,  -64, 0.0
392300.1900,  -64, 0.0
392300.2000,  -64, 0.0
392300.2010,  -67, 0.0
392300.4300,  -69, 0.0
392300.4400,  -67, 0.0
392300.6900,  -64, 0.0
392300.9300,  -68, 0.0
392301.1800,  -68, 0.0
392301.4300,  -63, 0.0
392301.6800,  -63, 0.0
392301.9300,  -65, 0.0
392301.9400,  -62, 0.0
392301.9500,  -63, 0.0
392301.9510,  -63, 0.0
392302.1800,  -66, 0.0
392302.4400,  -62, 0.0
392302.6900,  -66, 0.0
392302.9500,  -64, 0.0
392302.9800,  -66, 0.0
392303.1900,  -65, 0.0
392303.4400,  -65, 0.0
392303.6900,  -63, 0.0
392303.6910,  -63, 0.0
392303.9400,  -66, 0.0
392304.1900,  -62, 0.0
392304.4300,  -65, 0.0
392304.6900,  -63, 0.0
392304.7100,  -65, 0.0
392304.9400,  -64, 0.0
392305.1900,  -63, 0.0
392305.4500,  -65, 0.0
392305.4510,  -64, 0.0
392305.4600,  -65, 0.0
392305.4800,  -64, 0.0
392305.6900,  -62, 0.0
392305.7000,  -65, 0.0
392305.7100,  -62, 0.0
392305.7110,  -64, 0.0
392305.9400,  -63, 0.0
392306.1900,  -65, 0.0
392306.4500,  -64, 0.0
392306.7000,  -63, 0.0
392306.9500,  -65, 0.0
392307.2100,  -66, 0.0
392307.2200,  -66, 0.0
392307.4500,  -66, 0.0
392307.7000,  -64, 0.0
392307.9500,  -68, 0.0
392307.9600,  -68, 0.0
392307.9700,  -67, 0.0
392308.2000,  -68, 0.0
392308.2200,  -68, 0.0
392308.4600,  -67, 0.0
392308.7000,  -63, 0.0
392308.9500,  -61, 0.0
392309.2000,  -64, 0.0
392309.4500,  -66, 0.0
392309.7000,  -66, 0.0
392309.9600,  -65, 0.0
392310.2000,  -62, 0.0
392310.4500,  -62, 0.0
392310.7100,  -62, 0.0
392310.9600,  -61, 0.0
392311.2100,  -61, 0.0
392311.4600,  -60, 0.0
392311.4700,  -62, 0.0
392311.7100,  -60, 0.0
392311.9600,  -64, 0.0
392312.2100,  -60, 0.0
392312.4600,  -64, 0.0
392312.7100,  -64, 0.0
392312.9600,  -62, 0.0
392313.2100,  -61, 0.0
392313.2200,  -62, 0.0
392313.4700,  -61, 0.0
392313.7200,  -65, 0.0
392313.9600,  -60, 0.0
392313.9700,  -59, 0.0
392313.9800,  -61, 0.0
392314.2100,  -61, 0.0
392314.2200,  -62, 0.0
392314.2300,  -62, 0.0
392314.2400,  -61, 0.0
392314.4700,  -60, 0.0
392314.7100,  -63, 0.0
392314.9700,  -60, 0.0
392315.2200,  -63, 0.0
392315.4700,  -71, 0.0
392315.7200,  -79, 0.0
392315.7300,  -80, 0.0
392315.9700,  -72, 0.0
392315.9800,  -74, 0.0
392315.9900,  -72, 0.0
392316.2200,  -65, 0.0
392316.4700,  -60, 0.0
392316.7200,  -54, 0.0
392316.9700,  -56, 0.0
392317.2200,  -52, 0.0
392317.4700,  -53, 0.0
392317.7300,  -56, 0.0
392317.9800,  -58, 0.0
392318.2300,  -55, 0.0
392318.4800,  -52, 0.0
392318.4900,  -52, 0.0
392318.7300,  -58, 0.0
392318.9800,  -55, 0.0
392319.2400,  -55, 0.0
392319.4800,  -53, 0.0
392319.7300,  -49, 0.0
392319.9800,  -56, 0.0
392319.9900,  -55, 0.0
392320.2400,  -69, 0.0
392320.2410,  -66, 0.0
392320.4900,  -68, 0.0
392320.7300,  -65, 0.0
392320.9800,  -64, 0.0
392320.9900,  -62, 0.0
392321.2300,  -63, 0.0
392321.4800,  -64, 0.0
392321.7400,  -66, 0.0
392321.7500,  -65, 0.0
392321.7510,  -63, 0.0
392321.7600,  -63, 0.0
392321.9900,  -63, 0.0
392322.2400,  -62, 0.0
392322.5000,  -63, 0.0
392322.5100,  -63, 0.0
392322.7400,  -67, 0.0
392322.7500,  -67, 0.0
392322.7600,  -65, 0.0
392322.7610,  -67, 0.0
392322.9900,  -70, 0.0
392323.2500,  -69, 0.0
392323.2600,  -67, 0.0
392323.5000,  -65, 0.0
392323.7400,  -64, 0.0
392323.9900,  -64, 0.0
392324.2400,  -61, 0.0
392324.4900,  -61, 0.0
392324.7400,  -60, 0.0
392325.0000,  -60, 0.0
392325.2400,  -59, 0.0
392325.5000,  -60, 0.0
392325.5010,  -60, 0.0
392325.7700,  -59, 0.0
392326.0000,  -60, 0.0
392326.2500,  -66, 0.0
392326.5000,  -62, 0.0
392326.7800,  -60, 0.0
392327.0000,  -61, 0.0
392327.0010,  -61, 0.0
392327.0100,  -60, 0.0
392327.2500,  -60, 0.0
392327.5000,  -61, 0.0
392327.7500,  -61, 0.0
392328.0000,  -60, 0.0
392328.2500,  -61, 0.0
392328.5000,  -61, 0.0
392328.5100,  -60, 0.0
392328.7600,  -58, 0.0
392329.0100,  -59, 0.0
392329.2500,  -58, 0.0
392329.5000,  -59, 0.0
392329.5100,  -57, 0.0
392329.5300,  -59, 0.0
392329.7600,  -59, 0.0
392330.0100,  -59, 0.0
392330.2600,  -57, 0.0
392330.5100,  -59, 0.0
392330.7600,  -60, 0.0
392331.0400,  -61, 0.0
392331.2600,  -61, 0.0
392331.5100,  -62, 0.0
392331.7600,  -63, 0.0
392332.0100,  -68, 0.0
392332.0200,  -68, 0.0
392332.2600,  -73, 0.0
392332.2700,  -72, 0.0
392332.2900,  -73, 0.0
392332.5300,  -81, 0.0
392332.7700,  -85, 0.0
392333.2600,  -80, 0.0
392333.5200,  -79, 0.0
392333.5600,  -78, 0.0
392333.7700,  -73, 0.0
392334.0200,  -67, 0.0
392334.0210,  -68, 0.0
392334.0300,  -70, 0.0
392334.0400,  -68, 0.0
392334.2700,  -67, 0.0
392334.5200,  -64, 0.0
392334.5300,  -65, 0.0
392334.5500,  -66, 0.0
392334.5600,  -65, 0.0
392334.7700,  -65, 0.0
392335.0200,  -64, 0.0
392335.3000,  -64, 0.0
392335.3100,  -66, 0.0
392335.5200,  -67, 0.0
392335.7700,  -69, 0.0
392336.0200,  -67, 0.0
392336.5200,  -68, 0.0
392336.7800,  -68, 0.0
392337.0300,  -67, 0.0
392337.2800,  -67, 0.0
392337.5300,  -69, 0.0
392337.5400,  -69, 0.0
392337.7800,  -69, 0.0
392338.0300,  -67, 0.0
392338.2800,  -69, 0.0
392338.5300,  -70, 0.0
392338.7800,  -68, 0.0
392339.0400,  -67, 0.0
392339.0700,  -68, 0.0
392339.2800,  -69, 0.0
392339.7900,  -70, 0.0
392340.0400,  -75, 0.0
392340.0500,  -73, 0.0
392340.2900,  -76, 0.0
392340.5300,  -84, 0.0
392340.8400,  -78, 0.0
392341.0400,  -79, 0.0
392341.2900,  -75, 0.0
392341.2910,  -76, 0.0
392341.7900,  -74, 0.0
392342.0400,  -74, 0.0
392342.2900,  -72, 0.0
392342.5400,  -68, 0.0
392342.8000,  -65, 0.0
392343.0400,  -64, 0.0
392343.2900,  -67, 0.0
392343.3000,  -68, 0.0
392343.3100,  -67, 0.0
392343.5400,  -72, 0.0
392343.8500,  -69, 0.0
392344.0500,  -68, 0.0
392344.0510,  -68, 0.0
392344.0700,  -67, 0.0
392344.0710,  -68, 0.0
392344.3000,  -62, 0.0
392344.3100,  -62, 0.0
392344.3200,  -61, 0.0
392344.5500,  -62, 0.0
392344.8000,  -59, 0.0
392345.0400,  -59, 0.0
392345.0500,  -57, 0.0
392345.0600,  -58, 0.0
392345.2900,  -56, 0.0
392345.5500,  -56, 0.0
392345.8000,  -61, 0.0
392345.8200,  -61, 0.0
392346.0500,  -60, 0.0
392346.3000,  -64, 0.0
392346.5500,  -74, 0.0
392346.5600,  -74, 0.0
392346.8100,  -67, 0.0
392347.0500,  -61, 0.0
392347.3000,  -59, 0.0
392347.5500,  -58, 0.0
392347.8000,  -59, 0.0
392348.0500,  -60, 0.0
392348.3100,  -62, 0.0
392348.3110,  -61, 0.0
392348.3200,  -63, 0.0
392348.5600,  -64, 0.0
392348.5700,  -65, 0.0
392348.8100,  -63, 0.0
392349.0500,  -61, 0.0
392349.3100,  -62, 0.0
392349.3200,  -62, 0.0
392349.3300,  -61, 0.0
392349.3310,  -63, 0.0
392349.5600,  -59, 0.0
392349.8100,  -59, 0.0
392350.0600,  -58, 0.0
392350.3100,  -58, 0.0
392350.3200,  -58, 0.0
392350.5600,  -62, 0.0
392350.8200,  -62, 0.0
392350.8300,  -64, 0.0
392350.8500,  -64, 0.0
392351.0800,  -62, 0.0
392351.3200,  -63, 0.0
392351.5700,  -65, 0.0
392351.8200,  -69, 0.0
392352.0700,  -71, 0.0
392352.3500,  -72, 0.0
392352.5700,  -77, 0.0
392352.5800,  -75, 0.0
392352.5810,  -77, 0.0
392352.5900,  -79, 0.0
392352.8200,  -71, 0.0
392352.8300,  -72, 0.0
392353.0800,  -71, 0.0
392353.3200,  -71, 0.0
392353.5800,  -72, 0.0
392353.5900,  -73, 0.0
392353.6100,  -73, 0.0
392353.8200,  -68, 0.0
392354.0800,  -68, 0.0
392354.8100,  -65, 0.0
392354.8300,  -61, 0.0
392354.8400,  -63, 0.0
392354.8800,  -61, 0.0
392355.0700,  -63, 0.0
392355.3400,  -62, 0.0
392355.3500,  -62, 0.0
392355.5800,  -63, 0.0
392355.8300,  -62, 0.0
392356.0800,  -60, 0.0
392356.3300,  -61, 0.0
392356.3400,  -63, 0.0
392356.3500,  -61, 0.0
392356.5800,  -60, 0.0
392356.8300,  -65, 0.0
392357.0900,  -62, 0.0
392357.3300,  -62, 0.0
392357.5800,  -69, 0.0
392357.8300,  -62, 0.0
392358.0900,  -61, 0.0
392358.1000,  -63, 0.0
392358.3400,  -64, 0.0
392358.5900,  -63, 0.0
392358.8400,  -66, 0.0
392359.0900,  -66, 0.0
392359.3400,  -66, 0.0
392359.3410,  -64, 0.0
392359.5900,  -61, 0.0
392359.6100,  -62, 0.0
392359.8400,  -60, 0.0
392360.0900,  -62, 0.0
392360.3400,  -63, 0.0
392360.5900,  -64, 0.0
392360.6100,  -62, 0.0
392360.6200,  -61, 0.0
392360.8400,  -63, 0.0
392361.0900,  -65, 0.0
392361.3400,  -64, 0.0
392361.3500,  -65, 0.0
392361.3510,  -65, 0.0
392361.3600,  -65, 0.0
392361.5900,  -64, 0.0
392361.8400,  -66, 0.0
392362.1200,  -62, 0.0
392362.3500,  -62, 0.0
392362.6000,  -62, 0.0
392362.8500,  -66, 0.0
392363.1000,  -66, 0.0
392363.3400,  -67, 0.0
392363.3500,  -68, 0.0
392363.4100,  -66, 0.0
392363.6100,  -62, 0.0
392363.8500,  -62, 0.0
392364.1000,  -65, 0.0
392364.3500,  -66, 0.0
392364.6000,  -67, 0.0
392364.6200,  -67, 0.0
392364.6400,  -66, 0.0
392364.6500,  -62, 0.0
392364.8500,  -64, 0.0
392365.1000,  -61, 0.0
392365.3600,  -62, 0.0
392365.6000,  -64, 0.0
392365.8500,  -64, 0.0
392366.1100,  -65, 0.0
392366.3500,  -62, 0.0
392366.6200,  -64, 0.0
392366.6210,  -64, 0.0
392366.6300,  -64, 0.0
392366.8600,  -63, 0.0
392367.1000,  -64, 0.0
392367.3600,  -63, 0.0
392367.3800,  -62, 0.0
392367.6300,  -62, 0.0
392367.8600,  -65, 0.0
392368.1100,  -67, 0.0
392368.3600,  -65, 0.0
392368.6200,  -65, 0.0
392368.8600,  -61, 0.0
392369.1100,  -59, 0.0
392369.3600,  -62, 0.0
392369.6400,  -67, 0.0
392369.6600,  -66, 0.0
392369.8600,  -60, 0.0
392370.1100,  -60, 0.0
392370.3700,  -64, 0.0
392370.6200,  -51, 0.0
392370.6500,  -51, 0.0
392370.8700,  -53, 0.0
392371.1200,  -51, 0.0
392371.3700,  -54, 0.0
392371.6200,  -54, 0.0
392371.8700,  -52, 0.0
392372.1200,  -55, 0.0
392372.3700,  -60, 0.0
392372.3800,  -60, 0.0
392372.3810,  -60, 0.0
392372.3900,  -59, 0.0
392372.6300,  -59, 0.0
392372.8700,  -60, 0.0
392373.1200,  -56, 0.0
392373.3700,  -55, 0.0
392373.6300,  -58, 0.0
392373.8800,  -59, 0.0
392374.1300,  -61, 0.0
392374.3700,  -61, 0.0
392374.6300,  -61, 0.0
392374.8900,  -62, 0.0
392374.9100,  -64, 0.0
392375.1300,  -63, 0.0
392375.3800,  -64, 0.0
392375.6300,  -63, 0.0
392375.8800,  -63, 0.0
392375.9400,  -63, 0.0
392376.1300,  -60, 0.0
392376.3800,  -59, 0.0
392376.6400,  -65, 0.0
392376.8800,  -60, 0.0
392377.1300,  -62, 0.0
392377.3800,  -64, 0.0
392377.6400,  -64, 0.0
392377.8900,  -66, 0.0
392378.1400,  -71, 0.0
392378.3900,  -80, 0.0
392378.4000,  -80, 0.0
392378.4100,  -75, 0.0
392378.6400,  -80, 0.0
392378.8900,  -79, 0.0
392379.2000,  -86, 0.0
392379.3900,  -80, 0.0
392379.4000,  -74, 0.0
392379.6400,  -80, 0.0
392379.8900,  -77, 0.0
392380.1400,  -70, 0.0
392380.3900,  -67, 0.0
392380.4000,  -69, 0.0
392380.6400,  -69, 0.0
392380.9000,  -69, 0.0
392380.9300,  -68, 0.0
392381.1500,  -69, 0.0
392381.1600,  -69, 0.0
392381.4200,  -67, 0.0
392381.6400,  -68, 0.0
392381.8900,  -68, 0.0
392382.1500,  -67, 0.0
392382.4200,  -70, 0.0
392382.6400,  -68, 0.0
392382.6600,  -68, 0.0
392382.6800,  -70, 0.0
392382.9100,  -69, 0.0
392382.9200,  -69, 0.0
392382.9300,  -71, 0.0
392383.1500,  -70, 0.0
392383.4000,  -69, 0.0
392383.6500,  -68, 0.0
392383.6600,  -67, 0.0
392383.9000,  -68, 0.0
392384.1500,  -68, 0.0
392384.4000,  -66, 0.0
392384.6500,  -67, 0.0
392384.9100,  -73, 0.0
392385.1600,  -68, 0.0
392385.1610,  -69, 0.0
392385.4000,  -74, 0.0
392385.6500,  -74, 0.0
392385.6600,  -74, 0.0
392385.9000,  -74, 0.0
392385.9200,  -74, 0.0
392386.1600,  -84, 0.0
392386.1700,  -82, 0.0
392386.4100,  -74, 0.0
392386.6500,  -77, 0.0
392386.9100,  -85, 0.0
392387.1600,  -81, 0.0
392387.4100,  -74, 0.0
392387.6600,  -73, 0.0
392387.9100,  -77, 0.0
392388.1700,  -74, 0.0
392388.4100,  -76, 0.0
392388.7400,  -71, 0.0
392388.9300,  -72, 0.0
392389.1800,  -72, 0.0
392389.4200,  -77, 0.0
392389.6700,  -69, 0.0
392389.6800,  -72, 0.0
392389.9200,  -71, 0.0
392390.1700,  -72, 0.0
392390.4200,  -69, 0.0
392390.4300,  -69, 0.0
392390.4500,  -69, 0.0
392390.6700,  -70, 0.0
392390.9200,  -71, 0.0
392391.1700,  -68, 0.0
392391.4200,  -66, 0.0
392391.6700,  -64, 0.0
392391.6800,  -66, 0.0
392391.7000,  -64, 0.0
392391.9200,  -64, 0.0
392392.1800,  -63, 0.0
392392.4200,  -62, 0.0
392392.6700,  -63, 0.0
392392.9200,  -62, 0.0
392393.1800,  -61, 0.0
392393.2000,  -64, 0.0
392393.2200,  -62, 0.0
392393.4300,  -59, 0.0
392393.6800,  -63, 0.0
392393.6810,  -60, 0.0
392393.9200,  -63, 0.0
392394.1800,  -66, 0.0
392394.4300,  -75, 0.0
392394.6900,  -72, 0.0
392394.7100,  -70, 0.0
392394.9300,  -64, 0.0
392395.1800,  -62, 0.0
392395.4300,  -63, 0.0
392395.4400,  -62, 0.0
392395.6800,  -59, 0.0
392395.6900,  -63, 0.0
392395.7100,  -61, 0.0
392395.7300,  -63, 0.0
392395.9300,  -61, 0.0
392396.1800,  -60, 0.0
392396.4400,  -65, 0.0
392396.6900,  -64, 0.0
392396.7000,  -62, 0.0
392396.9300,  -60, 0.0
392397.1900,  -61, 0.0
392397.4300,  -63, 0.0
392397.4400,  -65, 0.0
392397.4500,  -62, 0.0
392397.6900,  -62, 0.0
392397.9400,  -62, 0.0
392398.2000,  -63, 0.0
392398.2200,  -65, 0.0
392398.6900,  -65, 0.0
392398.9400,  -61, 0.0
392399.1900,  -65, 0.0
392399.2100,  -63, 0.0
392399.4400,  -65, 0.0
392399.6900,  -66, 0.0
392399.7100,  -66, 0.0
392399.9400,  -69, 0.0
392400.1900,  -69, 0.0
392400.4500,  -68, 0.0
392400.7100,  -68, 0.0
392400.9500,  -70, 0.0
392400.9600,  -70, 0.0
392401.2000,  -70, 0.0
392401.4500,  -71, 0.0
392401.7000,  -72, 0.0
392401.7100,  -72, 0.0
392401.9500,  -71, 0.0
392402.2100,  -72, 0.0
392402.2300,  -72, 0.0
392402.4500,  -71, 0.0
392402.4600,  -72, 0.0
392402.4610,  -73, 0.0
392402.4700,  -73, 0.0
392402.7000,  -80, 0.0
392402.7500,  -83, 0.0
392402.9500,  -78, 0.0
392403.2100,  -70, 0.0
392403.4500,  -74, 0.0
392403.7000,  -73, 0.0
392403.9600,  -75, 0.0
392404.2000,  -77, 0.0
392404.4600,  -68, 0.0
392404.7100,  -64, 0.0
392404.9600,  -61, 0.0
392405.2100,  -61, 0.0
392405.4600,  -61, 0.0
392405.7100,  -62, 0.0
392405.9600,  -62, 0.0
392406.2100,  -67, 0.0
392406.4600,  -65, 0.0
392406.7100,  -65, 0.0
392406.9600,  -77, 0.0
392406.9700,  -79, 0.0
392407.0000,  -76, 0.0
392407.2100,  -74, 0.0
392407.4600,  -78, 0.0
392407.7100,  -75, 0.0
392407.9700,  -72, 0.0
392408.2500,  -73, 0.0
392408.4700,  -71, 0.0
392408.7100,  -67, 0.0
392408.9700,  -64, 0.0
392409.4700,  -67, 0.0
392409.4800,  -67, 0.0
392409.4900,  -66, 0.0
392409.7200,  -64, 0.0
392409.9700,  -63, 0.0
392410.2200,  -64, 0.0
392410.4700,  -61, 0.0
392410.7200,  -64, 0.0
392410.9700,  -66, 0.0
392411.2300,  -59, 0.0
392411.4700,  -62, 0.0
392411.7300,  -68, 0.0
392411.9800,  -63, 0.0
392411.9810,  -65, 0.0
392411.9900,  -65, 0.0
392412.2300,  -66, 0.0
392412.4800,  -63, 0.0
392412.7300,  -61, 0.0
392412.9800,  -62, 0.0
392413.2300,  -66, 0.0
392413.4800,  -62, 0.0
392413.7300,  -63, 0.0
392413.9800,  -63, 0.0
392414.2300,  -64, 0.0
392414.4800,  -70, 0.0
392414.4900,  -68, 0.0
392414.7300,  -76, 0.0
392414.9800,  -81, 0.0
392414.9900,  -81, 0.0
392415.0000,  -80, 0.0
392415.2300,  -78, 0.0
392415.5000,  -73, 0.0
392415.5400,  -70, 0.0
392415.7400,  -76, 0.0
392415.9900,  -80, 0.0
392416.2400,  -72, 0.0
392416.4900,  -71, 0.0
392416.5000,  -68, 0.0
392416.5200,  -68, 0.0
392416.7400,  -63, 0.0
392416.9900,  -62, 0.0
392417.2400,  -61, 0.0
392417.4900,  -62, 0.0
392417.7400,  -65, 0.0
392417.7800,  -63, 0.0
392417.9900,  -72, 0.0
392418.2500,  -68, 0.0
392418.5000,  -69, 0.0
392418.7400,  -65, 0.0
392418.7700,  -65, 0.0
392419.0000,  -62, 0.0
392419.2500,  -67, 0.0
392419.4900,  -69, 0.0
392419.7500,  -72, 0.0
392420.0000,  -70, 0.0
392420.2400,  -85, 0.0
392420.5000,  -76, 0.0
392420.5100,  -74, 0.0
392420.5400,  -75, 0.0
392420.7500,  -66, 0.0
392421.0000,  -61, 0.0
392421.2500,  -63, 0.0
392421.5000,  -60, 0.0
392421.7600,  -61, 0.0
392422.0000,  -61, 0.0
392422.2600,  -62, 0.0
392422.2700,  -63, 0.0
392422.2900,  -62, 0.0
392422.5000,  -64, 0.0
392422.7600,  -64, 0.0
392423.0100,  -65, 0.0
392423.2600,  -72, 0.0
392423.5100,  -66, 0.0
392423.7600,  -75, 0.0
392424.0100,  -67, 0.0
392424.0110,  -67, 0.0
392424.2900,  -73, 0.0
392424.5100,  -73, 0.0
392424.7600,  -81, 0.0
392425.0100,  -74, 0.0
392425.0200,  -76, 0.0
392425.0210,  -74, 0.0
392425.2700,  -77, 0.0
392425.5100,  -76, 0.0
392425.7700,  -76, 0.0
392426.0100,  -74, 0.0
392426.2700,  -80, 0.0
392426.5100,  -77, 0.0
392426.5200,  -77, 0.0
392426.5300,  -76, 0.0
392426.7600,  -77, 0.0
392426.7700,  -78, 0.0
392427.0200,  -80, 0.0
392427.2700,  -75, 0.0
392427.5300,  -78, 0.0
392427.7700,  -75, 0.0
392428.0300,  -76, 0.0
392428.2800,  -71, 0.0
392428.5400,  -78, 0.0
392428.7700,  -80, 0.0
392429.0200,  -77, 0.0
392429.2700,  -83, 0.0
392429.5200,  -77, 0.0
392429.5300,  -78, 0.0
392429.7700,  -76, 0.0
392430.0300,  -83, 0.0
392430.0500,  -86, 0.0
392430.2700,  -77, 0.0
392430.5900,  -76, 0.0
392430.7800,  -83, 0.0
392430.7900,  -80, 0.0
392430.8000,  -81, 0.0
392430.8010,  -81, 0.0
392431.0200,  -76, 0.0
392431.0300,  -75, 0.0
392431.0400,  -78, 0.0
392431.2800,  -74, 0.0
392431.5300,  -71, 0.0
392431.7800,  -71, 0.0
392431.8100,  -73, 0.0
392431.8500,  -70, 0.0
392432.0400,  -71, 0.0
392432.2800,  -72, 0.0
392432.5300,  -69, 0.0
392432.5400,  -68, 0.0
392432.5700,  -70, 0.0
392432.8100,  -68, 0.0
392433.0300,  -66, 0.0
392433.2800,  -63, 0.0
392433.5300,  -64, 0.0
392433.5400,  -64, 0.0
392433.5500,  -63, 0.0
392433.7800,  -63, 0.0
392434.0300,  -64, 0.0
392434.2900,  -72, 0.0
392434.5400,  -67, 0.0
392434.7900,  -67, 0.0
392435.0400,  -70, 0.0
392435.2900,  -79, 0.0
392435.5400,  -84, 0.0
392435.7900,  -81, 0.0
392436.0500,  -81, 0.0
392436.3000,  -80, 0.0
392436.5400,  -85, 0.0
392436.5500,  -87, 0.0
392436.8000,  -81, 0.0
392437.3000,  -73, 0.0
392437.5500,  -75, 0.0
392437.7900,  -77, 0.0
392438.0500,  -72, 0.0
392438.3100,  -74, 0.0
392438.5600,  -70, 0.0
392438.8000,  -68, 0.0
392439.0500,  -66, 0.0
392439.3000,  -70, 0.0
392439.5500,  -69, 0.0
392439.5600,  -67, 0.0
392439.5700,  -68, 0.0
392439.5900,  -68, 0.0
392439.8000,  -65, 0.0
392440.0500,  -61, 0.0
392440.0700,  -63, 0.0
392440.3100,  -60, 0.0
392440.5500,  -62, 0.0
392440.8000,  -60, 0.0
392441.0700,  -67, 0.0
392441.3300,  -65, 0.0
392441.5600,  -68, 0.0
392441.8100,  -67, 0.0
392442.0600,  -64, 0.0
392442.0700,  -65, 0.0
392442.1000,  -64, 0.0
392442.3300,  -64, 0.0
392442.5600,  -70, 0.0
392442.8100,  -73, 0.0
392443.0600,  -72, 0.0
392443.3100,  -69, 0.0
392443.5800,  -73, 0.0
392443.6200,  -72, 0.0
392443.8100,  -66, 0.0
392443.8300,  -67, 0.0
392443.8600,  -68, 0.0
392444.0600,  -68, 0.0
392444.3200,  -63, 0.0
392444.5600,  -64, 0.0
392444.5900,  -62, 0.0
392444.6000,  -65, 0.0
392444.8200,  -63, 0.0
392445.0600,  -62, 0.0
392445.3200,  -63, 0.0
392445.3300,  -63, 0.0
392445.5700,  -62, 0.0
392445.8200,  -60, 0.0
392446.0700,  -63, 0.0
392446.3200,  -63, 0.0
392446.5700,  -62, 0.0
392446.8300,  -66, 0.0
392447.0800,  -65, 0.0
392447.0900,  -66, 0.0
392447.1000,  -64, 0.0
392447.3300,  -65, 0.0
392447.3400,  -66, 0.0
392447.5900,  -61, 0.0
392447.8200,  -65, 0.0
392448.0900,  -66, 0.0
392448.1000,  -65, 0.0
392448.3200,  -74, 0.0
392448.5900,  -85, 0.0
392448.8500,  -75, 0.0
392449.0700,  -72, 0.0
392449.0800,  -69, 0.0
392449.3300,  -72, 0.0
392449.8300,  -73, 0.0
392450.0800,  -72, 0.0
392450.3300,  -72, 0.0
392450.5800,  -76, 0.0
392450.8300,  -77, 0.0
392451.0900,  -78, 0.0
392451.3300,  -81, 0.0
392451.5800,  -77, 0.0
392451.8300,  -76, 0.0
392452.0900,  -76, 0.0
392452.3400,  -74, 0.0
392452.5900,  -75, 0.0
392453.1300,  -74, 0.0
392453.1600,  -75, 0.0
392453.3400,  -74, 0.0
392453.6100,  -74, 0.0
392453.8300,  -75, 0.0
392454.0900,  -75, 0.0
392454.0910,  -90, 0.0
392454.1000,  -75, 0.0
392454.3400,  -72, 0.0
392454.6000,  -76, 0.0
392454.8400,  -75, 0.0
392455.0900,  -81, 0.0
392455.3400,  -75, 0.0
392455.5900,  -72, 0.0
392455.6000,  -73, 0.0
392455.6010,  -75, 0.0
392455.6100,  -73, 0.0
392455.8400,  -73, 0.0
392455.8500,  -78, 0.0
392456.0900,  -76, 0.0
392456.3500,  -71, 0.0
392456.6000,  -78, 0.0
392456.6010,  -72, 0.0
392456.8500,  -74, 0.0
392457.1200,  -72, 0.0
392457.3600,  -73, 0.0
392457.3700,  -72, 0.0
392457.6000,  -71, 0.0
392457.6600,  -70, 0.0
392457.8500,  -71, 0.0
392458.1000,  -71, 0.0
392458.1200,  -71, 0.0
392458.4100,  -71, 0.0
392458.6000,  -70, 0.0
392458.8500,  -72, 0.0
392459.1000,  -73, 0.0
392459.1400,  -73, 0.0
392459.3700,  -73, 0.0
392459.3710,  -75, 0.0
392459.6100,  -77, 0.0
392459.8600,  -75, 0.0
392460.1000,  -79, 0.0
392460.1400,  -77, 0.0
392460.3900,  -90, 0.0
392460.4400,  -81, 0.0
392460.8600,  -83, 0.0
392461.1000,  -89, 0.0
392461.1100,  -88, 0.0
392494.0500,  -55, 0.0
392494.0600,  -54, 0.0
392494.0700,  -54, 0.0
392494.0900,  -55, 0.0
392494.1000,  -56, 0.0
392494.2900,  -57, 0.0
392494.4500,  -59, 0.0
392494.6900,  -61, 0.0
392494.7000,  -60, 0.0
392494.9600,  -59, 0.0
392494.9800,  -58, 0.0
392495.1900,  -47, 0.0
392495.4500,  -42, 0.0
392495.7000,  -41, 0.0
392495.9600,  -58, 0.0
392495.9700,  -43, 0.0
392495.9800,  -42, 0.0
392496.2200,  -42, 0.0
392496.4800,  -43, 0.0
392496.4900,  -43, 0.0
392496.7000,  -47, 0.0
392496.9900,  -54, 0.0
392497.0100,  -53, 0.0
392497.0400,  -54, 0.0
392497.2000,  -50, 0.0
392497.4500,  -50, 0.0
392497.7000,  -53, 0.0
392498.2100,  -58, 0.0
392498.4600,  -59, 0.0
392498.7000,  -60, 0.0
393001.4600,  -59, 0.0
393001.4610,  -56, 0.0
393001.5500,  -57, 0.0
393001.8400,  -56, 0.0
393002.0500,  -54, 0.0
393002.3000,  -56, 0.0
393002.5500,  -54, 0.0
393002.8400,  -60, 0.0
393003.0500,  -54, 0.0
393003.3700,  -57, 0.0
393003.5900,  -56, 0.0
393003.6000,  -58, 0.0
393003.6100,  -58, 0.0
393003.6110,  -62, 0.0
393003.8000,  -53, 0.0
393004.1900,  -59, 0.0
393004.3100,  -55, 0.0
393004.5600,  -55, 0.0
393004.8100,  -58, 0.0
393005.0600,  -56, 0.0
393005.3100,  -60, 0.0
393005.5700,  -58, 0.0
393005.5900,  -58, 0.0
393005.6100,  -53, 0.0
393005.9200,  -56, 0.0
393006.0600,  -58, 0.0
393006.3100,  -57, 0.0
393006.5600,  -55, 0.0
393006.5700,  -55, 0.0
393006.5800,  -57, 0.0
393006.8100,  -55, 0.0
393006.8400,  -58, 0.0
393007.0600,  -56, 0.0
393007.3200,  -57, 0.0
393007.6000,  -58, 0.0
393007.8100,  -54, 0.0
393007.8200,  -57, 0.0
393008.1200,  -55, 0.0
393008.3200,  -56, 0.0
393008.5600,  -57, 0.0
393008.8400,  -55, 0.0
393009.0700,  -59, 0.0
393009.3200,  -58, 0.0
393009.6100,  -57, 0.0
393009.8500,  -58, 0.0
393010.1200,  -58, 0.0
393010.3200,  -56, 0.0
393010.6400,  -58, 0.0
393011.1600,  -57, 0.0
393011.3200,  -58, 0.0
393011.5800,  -56, 0.0
393012.0200,  -56, 0.0
393012.1600,  -55, 0.0
393012.1700,  -57, 0.0
393012.3300,  -55, 0.0
393012.5800,  -57, 0.0
393012.8400,  -56, 0.0
393013.0800,  -55, 0.0
393013.3900,  -58, 0.0
393013.5800,  -56, 0.0
393013.9000,  -55, 0.0
393014.1400,  -55, 0.0
393014.3300,  -59, 0.0
393014.3400,  -58, 0.0
393014.3600,  -57, 0.0
393014.6500,  -55, 0.0
393014.8400,  -56, 0.0
393015.0900,  -56, 0.0
393015.3300,  -56, 0.0
393015.3400,  -57, 0.0
393015.6200,  -58, 0.0
393015.8400,  -55, 0.0
393016.0900,  -56, 0.0
393016.3400,  -57, 0.0
393016.3500,  -59, 0.0
393016.5900,  -53, 0.0
393016.8400,  -55, 0.0
393017.1100,  -56, 0.0
393017.3400,  -55, 0.0
393017.5900,  -55, 0.0
393017.8500,  -55, 0.0
393018.2100,  -58, 0.0
393018.4000,  -55, 0.0
393018.6000,  -55, 0.0
393018.9100,  -57, 0.0
393019.0900,  -57, 0.0
393019.3400,  -56, 0.0
393019.6200,  -52, 0.0
393020.0000,  -53, 0.0
393020.1000,  -54, 0.0
393020.3500,  -55, 0.0
393020.6000,  -57, 0.0
393020.8500,  -55, 0.0
393021.1000,  -57, 0.0
393021.3500,  -55, 0.0
393021.6000,  -56, 0.0
393021.9200,  -55, 0.0
393022.2900,  -50, 0.0
393022.3500,  -53, 0.0
393022.8600,  -53, 0.0
393022.8610,  -55, 0.0
393022.8900,  -56, 0.0
393023.1100,  -57, 0.0
393023.3500,  -55, 0.0
393023.8000,  -56, 0.0
393023.8700,  -54, 0.0
393023.8800,  -53, 0.0
393024.1100,  -53, 0.0
393024.3600,  -55, 0.0
393024.6100,  -56, 0.0
393024.8600,  -53, 0.0
393025.1100,  -56, 0.0
393025.3600,  -57, 0.0
393025.6100,  -54, 0.0
393025.8600,  -56, 0.0
393026.1100,  -54, 0.0
393026.3600,  -54, 0.0
393026.6200,  -56, 0.0
393026.8700,  -57, 0.0
393027.1200,  -56, 0.0
393027.1300,  -56, 0.0
393027.1310,  -55, 0.0
393027.1500,  -58, 0.0
393027.3700,  -55, 0.0
393027.6200,  -56, 0.0
393027.8700,  -55, 0.0
393028.1200,  -56, 0.0
393028.3700,  -54, 0.0
393028.6300,  -55, 0.0
393028.8700,  -56, 0.0
393029.1200,  -54, 0.0
393029.1300,  -55, 0.0
393029.1400,  -54, 0.0
393029.3700,  -58, 0.0
393029.6200,  -56, 0.0
393029.8800,  -57, 0.0
393030.1300,  -54, 0.0
393030.3700,  -54, 0.0
393030.3800,  -53, 0.0
393030.3900,  -54, 0.0
393030.6300,  -58, 0.0
393030.8800,  -57, 0.0
393031.1300,  -58, 0.0
393031.3800,  -58, 0.0
393031.3900,  -59, 0.0
393031.4100,  -58, 0.0
393031.6300,  -57, 0.0
393031.8800,  -56, 0.0
393032.1300,  -57, 0.0
393032.3800,  -56, 0.0
393032.6400,  -56, 0.0
393032.8800,  -56, 0.0
393033.1300,  -56, 0.0
393033.4300,  -55, 0.0
393033.6300,  -55, 0.0
393033.8900,  -54, 0.0
393034.1400,  -53, 0.0
393034.4300,  -54, 0.0
393034.6400,  -53, 0.0
393034.8900,  -56, 0.0
393035.1400,  -53, 0.0
393035.3900,  -56, 0.0
393035.6500,  -55, 0.0
393035.8900,  -54, 0.0
393036.1400,  -56, 0.0
393036.3900,  -56, 0.0
393036.6500,  -58, 0.0
393036.6600,  -54, 0.0
393036.9000,  -56, 0.0
393037.1400,  -56, 0.0
393037.3900,  -54, 0.0
393037.6800,  -54, 0.0
393037.9000,  -54, 0.0
393038.1500,  -58, 0.0
393038.4000,  -57, 0.0
393038.6500,  -60, 0.0
393038.6700,  -57, 0.0
393038.9000,  -54, 0.0
393038.9100,  -56, 0.0
393038.9400,  -56, 0.0
393039.1500,  -57, 0.0
393039.4000,  -58, 0.0
393039.6500,  -55, 0.0
393039.9000,  -54, 0.0
393040.1500,  -59, 0.0
393040.4000,  -58, 0.0
393040.6500,  -57, 0.0
393040.9100,  -56, 0.0
393040.9400,  -57, 0.0
393041.1600,  -57, 0.0
393041.4100,  -54, 0.0
393041.6600,  -55, 0.0
393041.9000,  -54, 0.0
393042.1600,  -57, 0.0
393042.4000,  -54, 0.0
393042.6600,  -56, 0.0
393043.1600,  -55, 0.0
393043.1700,  -58, 0.0
393043.4100,  -53, 0.0
393043.6600,  -56, 0.0
393043.9200,  -54, 0.0
393044.1600,  -56, 0.0
393044.4100,  -56, 0.0
393044.6700,  -56, 0.0
393044.9200,  -56, 0.0
393045.1700,  -57, 0.0
393045.1800,  -55, 0.0
393045.2000,  -58, 0.0
393045.4200,  -57, 0.0
393045.6700,  -56, 0.0
393045.9200,  -56, 0.0
393046.1700,  -57, 0.0
393046.4200,  -59, 0.0
393046.4210,  -57, 0.0
393046.4400,  -59, 0.0
393046.6700,  -56, 0.0
393046.9200,  -57, 0.0
393047.1700,  -55, 0.0
393047.4200,  -57, 0.0
393047.4300,  -57, 0.0
393047.4400,  -56, 0.0
393047.6800,  -57, 0.0
393047.9200,  -56, 0.0
393048.1800,  -58, 0.0
393048.4200,  -56, 0.0
393048.4300,  -57, 0.0
393048.4400,  -56, 0.0
393048.6700,  -54, 0.0
393048.9200,  -57, 0.0
393049.1800,  -57, 0.0
393049.4300,  -55, 0.0
393049.6800,  -54, 0.0
393049.9300,  -56, 0.0
393050.1800,  -55, 0.0
393050.4400,  -55, 0.0
393050.6800,  -56, 0.0
393050.6900,  -56, 0.0
393050.7000,  -58, 0.0
393050.9400,  -55, 0.0
393051.1800,  -58, 0.0
393051.4400,  -57, 0.0
393051.7200,  -59, 0.0
393051.7400,  -58, 0.0
393051.9500,  -54, 0.0
393052.1900,  -55, 0.0
393052.4400,  -55, 0.0
393052.7000,  -55, 0.0
393052.9500,  -54, 0.0
393053.1900,  -56, 0.0
393053.4400,  -55, 0.0
393053.7000,  -55, 0.0
393053.9600,  -54, 0.0
393053.9610,  -53, 0.0
393054.1900,  -56, 0.0
393054.4400,  -53, 0.0
393054.7100,  -53, 0.0
393054.9500,  -55, 0.0
393055.1900,  -55, 0.0
393055.4400,  -57, 0.0
393055.7100,  -56, 0.0
393055.9600,  -56, 0.0
393056.1900,  -54, 0.0
393056.4400,  -54, 0.0
393056.7100,  -54, 0.0
393056.9600,  -55, 0.0
393057.2000,  -55, 0.0
393057.4500,  -57, 0.0
393057.7100,  -55, 0.0
393057.9600,  -56, 0.0
393058.2000,  -57, 0.0
393058.2100,  -57, 0.0
393058.2200,  -55, 0.0
393058.4500,  -57, 0.0
393058.7000,  -55, 0.0
393058.9600,  -54, 0.0
393059.2100,  -53, 0.0
393059.2110,  -54, 0.0
393059.4600,  -50, 0.0
393059.7100,  -41, 0.0
393059.9600,  -38, 0.0
393060.2000,  -37, 0.0
393060.4500,  -38, 0.0
393060.7100,  -41, 0.0
393060.9600,  -49, 0.0
393061.2100,  -50, 0.0
393061.4500,  -41, 0.0
393061.7100,  -47, 0.0
393061.9700,  -49, 0.0
393062.2100,  -44, 0.0
393062.2200,  -42, 0.0
393062.4700,  -42, 0.0
393062.7200,  -45, 0.0
393062.9700,  -50, 0.0
393063.2100,  -51, 0.0
393063.4700,  -53, 0.0
393063.7200,  -52, 0.0
393063.9600,  -53, 0.0
393064.2200,  -50, 0.0
393064.4700,  -50, 0.0
393064.7200,  -51, 0.0
393064.9600,  -51, 0.0
393065.2200,  -50, 0.0
393065.4700,  -52, 0.0
393065.7200,  -51, 0.0
393065.9900,  -51, 0.0
393066.2200,  -52, 0.0
393066.4800,  -55, 0.0
393066.7200,  -54, 0.0
393066.7300,  -56, 0.0
393066.7500,  -56, 0.0
393066.9700,  -56, 0.0
393067.2200,  -57, 0.0
393067.4700,  -58, 0.0
393067.7400,  -57, 0.0
393067.9700,  -60, 0.0
393068.2300,  -60, 0.0
393068.4800,  -62, 0.0
393068.7300,  -62, 0.0
393068.9800,  -62, 0.0
393069.2300,  -63, 0.0
393069.4800,  -62, 0.0
393069.7300,  -64, 0.0
393069.9800,  -64, 0.0
393070.0000,  -63, 0.0
393070.0300,  -63, 0.0
393070.2300,  -63, 0.0
393070.4800,  -62, 0.0
393070.9900,  -62, 0.0
393071.0000,  -62, 0.0
393071.2300,  -63, 0.0
393071.4800,  -63, 0.0
393071.7300,  -61, 0.0
393071.9800,  -63, 0.0
393072.2400,  -63, 0.0
393072.4900,  -63, 0.0
393072.7400,  -66, 0.0
393073.2400,  -63, 0.0
393073.4900,  -64, 0.0
393073.7500,  -63, 0.0
393073.9900,  -61, 0.0
393074.2500,  -63, 0.0
393074.2600,  -63, 0.0
393074.4900,  -64, 0.0
393074.7500,  -59, 0.0
393074.9900,  -61, 0.0
393075.2500,  -63, 0.0
393075.2600,  -63, 0.0
393075.5000,  -61, 0.0
393075.7500,  -63, 0.0
393076.0000,  -62, 0.0
393076.2500,  -64, 0.0
393076.5000,  -63, 0.0
393076.7800,  -63, 0.0
393077.0000,  -60, 0.0
393077.2700,  -61, 0.0
393077.3000,  -62, 0.0
393077.5000,  -65, 0.0
393077.5100,  -62, 0.0
393077.7600,  -62, 0.0
393078.0000,  -63, 0.0
393078.2500,  -62, 0.0
393078.5000,  -63, 0.0
393078.7600,  -62, 0.0
393079.0000,  -62, 0.0
393079.2600,  -61, 0.0
393079.7600,  -59, 0.0
393080.0100,  -54, 0.0
393080.2600,  -58, 0.0
393080.5100,  -60, 0.0
393080.5110,  -62, 0.0
393080.5200,  -61, 0.0
393080.7600,  -59, 0.0
393081.0100,  -64, 0.0
393081.2600,  -63, 0.0
393081.5200,  -64, 0.0
393081.7600,  -62, 0.0
393082.0100,  -60, 0.0
393082.2700,  -59, 0.0
393082.5100,  -60, 0.0
393082.7700,  -62, 0.0
393082.7800,  -60, 0.0
393083.0100,  -59, 0.0
393083.2600,  -56, 0.0
393083.5200,  -60, 0.0
393083.7700,  -59, 0.0
393084.0200,  -57, 0.0
393084.2700,  -60, 0.0
393084.5200,  -60, 0.0
393084.7700,  -59, 0.0
393085.0200,  -62, 0.0
393085.2700,  -63, 0.0
393085.5200,  -59, 0.0
393085.7800,  -63, 0.0
393086.0300,  -59, 0.0
393086.0400,  -59, 0.0
393086.0600,  -60, 0.0
393086.2800,  -58, 0.0
393086.5400,  -56, 0.0
393087.0200,  -59, 0.0
393087.2800,  -59, 0.0
393087.5300,  -59, 0.0
393087.7800,  -59, 0.0
393088.0300,  -57, 0.0
393088.2800,  -57, 0.0
393088.5300,  -59, 0.0
393088.7800,  -59, 0.0
393089.0600,  -58, 0.0
393089.0800,  -59, 0.0
393089.2800,  -57, 0.0
393089.5300,  -58, 0.0
393089.7800,  -57, 0.0
393090.0400,  -59, 0.0
393090.2900,  -57, 0.0
393090.2910,  -56, 0.0
393090.3000,  -55, 0.0
393090.3100,  -56, 0.0
393090.5300,  -53, 0.0
393090.7900,  -55, 0.0
393091.0500,  -52, 0.0
393091.2900,  -51, 0.0
393091.5400,  -52, 0.0
393091.7900,  -52, 0.0
393092.0400,  -50, 0.0
393092.2900,  -51, 0.0
393092.5400,  -54, 0.0
393092.7900,  -55, 0.0
393093.0500,  -52, 0.0
393093.3000,  -57, 0.0
393093.5500,  -60, 0.0
393093.8000,  -61, 0.0
393094.0400,  -59, 0.0
393094.3000,  -60, 0.0
393094.5500,  -62, 0.0
393094.8000,  -62, 0.0
393095.0500,  -62, 0.0
393095.3000,  -63, 0.0
393095.5700,  -62, 0.0
393095.5710,  -62, 0.0
393095.8000,  -72, 0.0
393096.0600,  -71, 0.0
393096.3000,  -63, 0.0
393096.5500,  -63, 0.0
393096.5700,  -66, 0.0
393096.8000,  -79, 0.0
393097.0500,  -73, 0.0
393097.3000,  -75, 0.0
393097.8100,  -74, 0.0
393098.0600,  -73, 0.0
393098.3100,  -71, 0.0
393098.5600,  -70, 0.0
393098.8200,  -66, 0.0
393099.0600,  -64, 0.0
393099.3100,  -64, 0.0
393099.5600,  -66, 0.0
393099.8100,  -66, 0.0
393100.0600,  -70, 0.0
393100.3200,  -69, 0.0
393100.5600,  -69, 0.0
393100.8300,  -69, 0.0
393101.0700,  -69, 0.0
393101.3100,  -68, 0.0
393101.5600,  -68, 0.0
393101.8200,  -69, 0.0
393101.8600,  -70, 0.0
393102.0700,  -71, 0.0
393102.3200,  -78, 0.0
393102.5700,  -79, 0.0
393102.8200,  -74, 0.0
393103.0700,  -72, 0.0
393103.3200,  -72, 0.0
393103.5700,  -62, 0.0
393103.8400,  -62, 0.0
393104.0700,  -64, 0.0
393104.3200,  -63, 0.0
393104.5700,  -62, 0.0
393104.8200,  -66, 0.0
393105.0700,  -65, 0.0
393105.3200,  -67, 0.0
393105.5800,  -64, 0.0
393105.8300,  -65, 0.0
393106.0800,  -65, 0.0
393106.3300,  -64, 0.0
393106.5800,  -64, 0.0
393106.8300,  -61, 0.0
393107.0800,  -59, 0.0
393107.3400,  -60, 0.0
393107.5800,  -64, 0.0
393107.8400,  -64, 0.0
393108.0800,  -61, 0.0
393108.3300,  -60, 0.0
393108.5800,  -63, 0.0
393108.8400,  -64, 0.0
393109.0900,  -61, 0.0
393109.3400,  -63, 0.0
393109.5900,  -63, 0.0
393109.8400,  -65, 0.0
393110.0900,  -64, 0.0
393110.3500,  -62, 0.0
393110.5900,  -57, 0.0
393110.8400,  -54, 0.0
393111.0900,  -54, 0.0
393111.3400,  -54, 0.0
393111.5900,  -55, 0.0
393111.8400,  -53, 0.0
393112.0900,  -53, 0.0
393112.3400,  -53, 0.0
393112.6000,  -52, 0.0
393112.6010,  -51, 0.0
393112.8500,  -53, 0.0
393113.1000,  -52, 0.0
393113.3500,  -52, 0.0
393113.6000,  -54, 0.0
393113.8500,  -53, 0.0
393113.8600,  -53, 0.0
393114.1000,  -54, 0.0
393114.3500,  -52, 0.0
393114.6000,  -53, 0.0
393114.8500,  -54, 0.0
393115.1100,  -53, 0.0
393115.3500,  -51, 0.0
393115.6100,  -52, 0.0
393115.8600,  -51, 0.0
393116.1000,  -56, 0.0
393116.3500,  -52, 0.0
393116.6000,  -57, 0.0
393116.8700,  -53, 0.0
393116.9000,  -52, 0.0
393117.1100,  -54, 0.0
393117.3600,  -57, 0.0
393117.6100,  -60, 0.0
393117.8600,  -59, 0.0
393118.1300,  -60, 0.0
393118.1400,  -59, 0.0
393118.3600,  -59, 0.0
393118.6100,  -60, 0.0
393118.8700,  -62, 0.0
393119.1100,  -63, 0.0
393119.3600,  -64, 0.0
393119.6100,  -63, 0.0
393119.8600,  -69, 0.0
393120.1200,  -73, 0.0
393120.3700,  -71, 0.0
393120.6100,  -70, 0.0
393120.8700,  -67, 0.0
393121.1100,  -67, 0.0
393121.3700,  -64, 0.0
393121.3710,  -66, 0.0
393121.3800,  -63, 0.0
393121.3900,  -64, 0.0
393121.6200,  -60, 0.0
393121.8600,  -61, 0.0
393122.1700,  -60, 0.0
393122.3800,  -58, 0.0
393122.3900,  -58, 0.0
393122.3910,  -57, 0.0
393122.4000,  -55, 0.0
393122.6200,  -56, 0.0
393122.8700,  -55, 0.0
393123.1200,  -54, 0.0
393123.3700,  -52, 0.0
393123.6200,  -53, 0.0
393123.8700,  -58, 0.0
393124.1200,  -53, 0.0
393124.3800,  -57, 0.0
393124.6300,  -55, 0.0
393124.8800,  -55, 0.0
393125.1200,  -59, 0.0
393125.3800,  -59, 0.0
393125.6500,  -61, 0.0
393125.8800,  -62, 0.0
393126.1400,  -63, 0.0
393126.3800,  -63, 0.0
393126.6300,  -64, 0.0
393126.6400,  -63, 0.0
393126.6600,  -62, 0.0
393126.8800,  -66, 0.0
393126.8900,  -66, 0.0
393127.1400,  -65, 0.0
393127.4500,  -66, 0.0
393127.6800,  -69, 0.0
393127.8800,  -71, 0.0
393128.1300,  -71, 0.0
393128.3900,  -69, 0.0
393128.6400,  -67, 0.0
393128.6700,  -68, 0.0
393128.8900,  -67, 0.0
393129.1300,  -66, 0.0
393129.3900,  -67, 0.0
393129.6400,  -65, 0.0
393129.9000,  -63, 0.0
393129.9100,  -63, 0.0
393129.9200,  -64, 0.0
393129.9210,  -64, 0.0
393130.1400,  -62, 0.0
393130.3900,  -63, 0.0
393130.6400,  -62, 0.0
393130.8900,  -66, 0.0
393131.1400,  -62, 0.0
393131.3900,  -64, 0.0
393131.6500,  -61, 0.0
393131.9000,  -59, 0.0
393132.1400,  -56, 0.0
393132.4000,  -59, 0.0
393132.6500,  -63, 0.0
393132.9200,  -66, 0.0
393132.9500,  -68, 0.0
393133.1500,  -64, 0.0
393133.1600,  -64, 0.0
393133.1610,  -67, 0.0
393133.1700,  -65, 0.0
393133.4000,  -62, 0.0
393133.6500,  -62, 0.0
393133.9000,  -60, 0.0
393134.1500,  -62, 0.0
393134.4000,  -63, 0.0
393134.6500,  -64, 0.0
393134.9000,  -61, 0.0
393135.1700,  -63, 0.0
393135.1800,  -63, 0.0
393135.2000,  -62, 0.0
393135.4100,  -62, 0.0
393135.6600,  -62, 0.0
393135.9100,  -59, 0.0
393136.1500,  -62, 0.0
393136.4100,  -60, 0.0
393136.6600,  -63, 0.0
393136.9100,  -64, 0.0
393137.4100,  -69, 0.0
393137.6600,  -60, 0.0
393137.9100,  -57, 0.0
393138.1600,  -56, 0.0
393138.4200,  -54, 0.0
393138.4300,  -56, 0.0
393138.4400,  -55, 0.0
393138.6600,  -55, 0.0
393138.9200,  -62, 0.0
393139.1700,  -67, 0.0
393139.4100,  -51, 0.0
393139.7400,  -47, 0.0
393139.9200,  -47, 0.0
393140.1700,  -66, 0.0
393140.4200,  -62, 0.0
393140.6700,  -53, 0.0
393140.9200,  -42, 0.0
393141.1700,  -47, 0.0
393141.4700,  -52, 0.0
393141.6700,  -50, 0.0
393141.9200,  -54, 0.0
393142.1700,  -52, 0.0
393142.4300,  -50, 0.0
393142.6800,  -52, 0.0
393142.6810,  -52, 0.0
393142.9300,  -51, 0.0
393142.9400,  -54, 0.0
393143.1700,  -56, 0.0
393143.4200,  -52, 0.0
393143.6800,  -55, 0.0
393143.9300,  -54, 0.0
393144.1800,  -53, 0.0
393144.4300,  -52, 0.0
393144.6800,  -55, 0.0
393144.9300,  -53, 0.0
393144.9400,  -55, 0.0
393145.1800,  -53, 0.0
393145.4300,  -54, 0.0
393145.6800,  -54, 0.0
393145.9400,  -59, 0.0
393146.1800,  -62, 0.0
393146.4400,  -61, 0.0
393146.6900,  -61, 0.0
393146.9400,  -56, 0.0
393147.1900,  -59, 0.0
393147.4400,  -62, 0.0
393147.6800,  -63, 0.0
393147.9500,  -61, 0.0
393147.9700,  -62, 0.0
393147.9800,  -62, 0.0
393148.1800,  -62, 0.0
393148.4400,  -60, 0.0
393148.6900,  -56, 0.0
393148.9400,  -60, 0.0
393149.1900,  -65, 0.0
393149.2000,  -63, 0.0
393149.2100,  -63, 0.0
393149.4400,  -64, 0.0
393149.6900,  -62, 0.0
393149.9400,  -63, 0.0
393150.1900,  -61, 0.0
393150.4400,  -64, 0.0
393150.6900,  -62, 0.0
393150.9500,  -65, 0.0
393151.1900,  -64, 0.0
393151.4500,  -66, 0.0
393151.7000,  -64, 0.0
393151.9500,  -64, 0.0
393152.2700,  -63, 0.0
393152.4600,  -61, 0.0
393152.7000,  -63, 0.0
393152.9600,  -61, 0.0
393153.2000,  -65, 0.0
393153.4500,  -64, 0.0
393153.7100,  -63, 0.0
393153.9600,  -65, 0.0
393154.2100,  -63, 0.0
393154.4500,  -66, 0.0
393154.7000,  -65, 0.0
393154.9500,  -64, 0.0
393155.2100,  -65, 0.0
393155.4700,  -64, 0.0
393155.4900,  -64, 0.0
393155.7100,  -65, 0.0
393155.9600,  -66, 0.0
393156.2100,  -68, 0.0
393156.4600,  -68, 0.0
393156.7100,  -64, 0.0
393156.9600,  -62, 0.0
393157.2100,  -63, 0.0
393157.4600,  -62, 0.0
393157.7100,  -62, 0.0
393157.9600,  -65, 0.0
393158.2100,  -71, 0.0
393158.4700,  -60, 0.0
393158.7200,  -64, 0.0
393158.9700,  -73, 0.0
393159.2200,  -70, 0.0
393159.4700,  -64, 0.0
393159.7200,  -63, 0.0
393159.9700,  -62, 0.0
393160.2200,  -66, 0.0
393160.5000,  -69, 0.0
393160.7300,  -61, 0.0
393160.9800,  -62, 0.0
393160.9900,  -62, 0.0
393161.0000,  -63, 0.0
393161.2200,  -64, 0.0
393161.4700,  -65, 0.0
393161.7200,  -63, 0.0
393161.9700,  -65, 0.0
393162.2300,  -70, 0.0
393162.4800,  -65, 0.0
393162.7200,  -63, 0.0
393162.9800,  -59, 0.0
393163.2300,  -58, 0.0
393163.4800,  -60, 0.0
393163.7500,  -63, 0.0
393163.9800,  -58, 0.0
393164.2300,  -57, 0.0
393164.2310,  -56, 0.0
393164.2500,  -58, 0.0
393164.4800,  -57, 0.0
393164.7300,  -59, 0.0
393164.9800,  -56, 0.0
393165.2400,  -57, 0.0
393165.4800,  -59, 0.0
393165.7300,  -62, 0.0
393165.9900,  -58, 0.0
393166.2500,  -64, 0.0
393166.4900,  -71, 0.0
393166.7400,  -67, 0.0
393166.9900,  -70, 0.0
393167.2400,  -62, 0.0
393167.2500,  -63, 0.0
393167.2700,  -64, 0.0
393167.4900,  -70, 0.0
393167.7600,  -65, 0.0
393167.9900,  -70, 0.0
393168.2500,  -71, 0.0
393168.4900,  -70, 0.0
393168.5000,  -69, 0.0
393168.5300,  -74, 0.0
393168.7400,  -74, 0.0
393169.0100,  -71, 0.0
393169.2400,  -61, 0.0
393169.5000,  -62, 0.0
393169.7500,  -56, 0.0
393169.9900,  -61, 0.0
393170.2500,  -60, 0.0
393170.5000,  -59, 0.0
393170.5200,  -60, 0.0
393170.5400,  -56, 0.0
393170.7500,  -61, 0.0
393171.0000,  -55, 0.0
393171.2500,  -57, 0.0
393171.5000,  -63, 0.0
393171.7500,  -63, 0.0
393172.0000,  -63, 0.0
393172.2500,  -65, 0.0
393172.5500,  -63, 0.0
393172.5600,  -66, 0.0
393172.7500,  -60, 0.0
393173.0100,  -60, 0.0
393173.2600,  -67, 0.0
393173.5100,  -72, 0.0
393173.7600,  -68, 0.0
393174.0100,  -69, 0.0
393174.2600,  -63, 0.0
393174.5100,  -64, 0.0
393174.7600,  -73, 0.0
393174.7800,  -68, 0.0
393175.0200,  -75, 0.0
393175.2600,  -79, 0.0
393175.5100,  -72, 0.0
393176.0200,  -69, 0.0
393176.2600,  -71, 0.0
393176.5100,  -73, 0.0
393176.7700,  -71, 0.0
393177.0100,  -70, 0.0
393177.2600,  -72, 0.0
393177.5200,  -71, 0.0
393177.7700,  -78, 0.0
393177.7800,  -78, 0.0
393178.0200,  -68, 0.0
393178.2700,  -70, 0.0
393178.5200,  -66, 0.0
393178.7700,  -72, 0.0
393179.0500,  -78, 0.0
393179.2700,  -70, 0.0
393179.5200,  -68, 0.0
393179.7800,  -69, 0.0
393180.0300,  -72, 0.0
393180.2700,  -73, 0.0
393180.5300,  -70, 0.0
393180.7800,  -63, 0.0
393181.0300,  -62, 0.0
393181.2700,  -71, 0.0
393181.2800,  -70, 0.0
393181.3000,  -72, 0.0
393181.3100,  -76, 0.0
393181.5200,  -62, 0.0
393181.7800,  -57, 0.0
393182.0300,  -60, 0.0
393182.2900,  -60, 0.0
393182.3000,  -59, 0.0
393182.5300,  -61, 0.0
393182.7800,  -58, 0.0
393183.0300,  -61, 0.0
393183.2800,  -60, 0.0
393183.2900,  -58, 0.0
393183.3100,  -55, 0.0
393183.3110,  -61, 0.0
393183.5300,  -59, 0.0
393183.7800,  -60, 0.0
393184.0300,  -61, 0.0
393184.2900,  -60, 0.0
393184.5300,  -60, 0.0
393184.5400,  -61, 0.0
393184.7800,  -58, 0.0
393185.0400,  -62, 0.0
393185.2900,  -64, 0.0
393185.5500,  -74, 0.0
393185.5700,  -71, 0.0
393185.7900,  -69, 0.0
393186.0400,  -74, 0.0
393186.2900,  -74, 0.0
393186.5500,  -71, 0.0
393186.7900,  -70, 0.0
393187.0400,  -74, 0.0
393187.3000,  -69, 0.0
393187.5400,  -69, 0.0
393187.8000,  -69, 0.0
393188.0400,  -68, 0.0
393188.3000,  -73, 0.0
393188.5500,  -65, 0.0
393188.8000,  -66, 0.0
393189.0600,  -68, 0.0
393189.3000,  -69, 0.0
393189.5500,  -69, 0.0
393189.8000,  -71, 0.0
393189.8400,  -71, 0.0
393190.0500,  -66, 0.0
393190.3000,  -64, 0.0
393190.5500,  -64, 0.0
393191.0600,  -65, 0.0
393191.3100,  -64, 0.0
393191.5700,  -63, 0.0
393191.8100,  -66, 0.0
393192.0600,  -65, 0.0
393192.0610,  -67, 0.0
393192.0700,  -66, 0.0
393192.3100,  -69, 0.0
393192.5600,  -72, 0.0
393192.8700,  -69, 0.0
393193.0500,  -71, 0.0
393193.3100,  -73, 0.0
393193.5600,  -69, 0.0
393193.8100,  -66, 0.0
393194.0500,  -62, 0.0
393194.3100,  -63, 0.0
393194.5600,  -62, 0.0
393194.8100,  -63, 0.0
393195.0700,  -64, 0.0
393195.0800,  -61, 0.0
393195.0810,  -64, 0.0
393195.3100,  -61, 0.0
393195.5600,  -63, 0.0
393195.8100,  -62, 0.0
393196.0800,  -62, 0.0
393196.3200,  -62, 0.0
393196.5700,  -61, 0.0
393196.8200,  -62, 0.0
393197.0700,  -61, 0.0
393197.4800,  -64, 0.0
393197.4810,  -65, 0.0
393197.4900,  -62, 0.0
393197.5000,  -64, 0.0
393197.5100,  -66, 0.0
393197.5700,  -70, 0.0
393197.8300,  -67, 0.0
393198.0700,  -64, 0.0
393198.3200,  -63, 0.0
393198.5700,  -59, 0.0
393198.8200,  -63, 0.0
393199.0800,  -73, 0.0
393199.3200,  -70, 0.0
393199.5700,  -63, 0.0
393199.5900,  -63, 0.0
393199.6000,  -63, 0.0
393199.8200,  -67, 0.0
393200.0800,  -68, 0.0
393200.3300,  -76, 0.0
393200.5800,  -69, 0.0
393200.5900,  -68, 0.0
393200.8300,  -70, 0.0
393201.1000,  -79, 0.0
393201.5800,  -80, 0.0
393201.8300,  -77, 0.0
393202.0800,  -82, 0.0
393202.3300,  -81, 0.0
393202.5800,  -81, 0.0
393202.8300,  -72, 0.0
393203.0900,  -72, 0.0
393203.3400,  -69, 0.0
393203.5900,  -65, 0.0
393203.8300,  -63, 0.0
393204.0900,  -69, 0.0
393204.3400,  -80, 0.0
393204.5900,  -82, 0.0
393204.8400,  -78, 0.0
393204.8500,  -77, 0.0
393205.0900,  -70, 0.0
393205.3400,  -68, 0.0
393205.5900,  -72, 0.0
393205.8400,  -68, 0.0
393205.8600,  -71, 0.0
393206.1000,  -69, 0.0
393206.3400,  -68, 0.0
393206.5900,  -68, 0.0
393206.8400,  -70, 0.0
393207.1000,  -72, 0.0
393207.3400,  -70, 0.0
393207.6000,  -68, 0.0
393207.8500,  -69, 0.0
393208.1000,  -71, 0.0
393208.1100,  -71, 0.0
393208.1200,  -71, 0.0
393208.3500,  -73, 0.0
393208.6000,  -69, 0.0
393208.8500,  -65, 0.0
393209.1000,  -70, 0.0
393209.3500,  -68, 0.0
393209.6000,  -71, 0.0
393209.8500,  -70, 0.0
393210.1000,  -68, 0.0
393210.3600,  -68, 0.0
393210.6100,  -78, 0.0
393210.8500,  -70, 0.0
393211.1000,  -63, 0.0
393211.3600,  -62, 0.0
393211.3700,  -63, 0.0
393211.3710,  -63, 0.0
393211.6100,  -63, 0.0
393211.8600,  -67, 0.0
393212.1200,  -63, 0.0
393212.1600,  -63, 0.0
393212.3600,  -64, 0.0
393212.6100,  -64, 0.0
393212.8600,  -64, 0.0
393213.1100,  -65, 0.0
393213.3600,  -64, 0.0
393213.3700,  -65, 0.0
393213.3800,  -63, 0.0
393213.6100,  -64, 0.0
393213.8600,  -64, 0.0
393214.1100,  -62, 0.0
393214.3700,  -66, 0.0
393214.3800,  -65, 0.0
393214.4000,  -63, 0.0
393214.6200,  -63, 0.0
393214.8700,  -62, 0.0
393215.1500,  -61, 0.0
393215.3600,  -59, 0.0
393215.6200,  -63, 0.0
393215.6300,  -62, 0.0
393215.8600,  -65, 0.0
393216.1100,  -61, 0.0
393216.3700,  -61, 0.0
393216.6200,  -65, 0.0
393216.6300,  -63, 0.0
393216.6500,  -65, 0.0
393216.8700,  -65, 0.0
393217.1200,  -60, 0.0
393217.3700,  -61, 0.0
393217.6300,  -63, 0.0
393217.6400,  -62, 0.0
393217.6600,  -62, 0.0
393217.8700,  -65, 0.0
393218.1300,  -65, 0.0
393218.3700,  -59, 0.0
393218.6900,  -65, 0.0
393218.8800,  -52, 0.0
393219.1300,  -52, 0.0
393219.3700,  -47, 0.0
393219.6500,  -50, 0.0
393219.8800,  -49, 0.0
393220.1300,  -52, 0.0
393220.3800,  -51, 0.0
393220.6300,  -55, 0.0
393220.8800,  -57, 0.0
393221.1300,  -60, 0.0
393221.3800,  -63, 0.0
393221.6300,  -63, 0.0
393221.8800,  -61, 0.0
393221.9200,  -61, 0.0
393222.1400,  -66, 0.0
393222.3900,  -63, 0.0
393222.6300,  -61, 0.0
393222.9000,  -62, 0.0
393222.9300,  -67, 0.0
393223.1400,  -64, 0.0
393223.1410,  -65, 0.0
393223.1500,  -62, 0.0
393223.3900,  -67, 0.0
393223.6400,  -72, 0.0
393223.9400,  -67, 0.0
393224.1400,  -61, 0.0
393224.3900,  -61, 0.0
393224.6400,  -63, 0.0
393224.8900,  -72, 0.0
393225.1400,  -64, 0.0
393225.1700,  -64, 0.0
393225.1900,  -64, 0.0
393225.4000,  -63, 0.0
393225.6400,  -62, 0.0
393225.9000,  -65, 0.0
393226.1400,  -60, 0.0
393226.1500,  -60, 0.0
393226.4000,  -62, 0.0
393226.6500,  -69, 0.0
393226.9000,  -61, 0.0
393227.1500,  -60, 0.0
393227.4000,  -65, 0.0
393227.6500,  -67, 0.0
393227.9000,  -68, 0.0
393228.1500,  -63, 0.0
393228.4000,  -69, 0.0
393228.6500,  -69, 0.0
393228.9000,  -66, 0.0
393229.1700,  -64, 0.0
393229.4000,  -62, 0.0
393229.4300,  -63, 0.0
393229.6600,  -67, 0.0
393229.9100,  -64, 0.0
393230.1500,  -63, 0.0
393230.4000,  -63, 0.0
393230.4100,  -64, 0.0
393230.6600,  -71, 0.0
393230.9100,  -78, 0.0
393231.4100,  -78, 0.0
393231.6600,  -72, 0.0
393231.9100,  -74, 0.0
393232.1700,  -79, 0.0
393232.4100,  -78, 0.0
393232.6700,  -77, 0.0
393232.9100,  -84, 0.0
393233.1700,  -79, 0.0
393233.4200,  -75, 0.0
393233.6600,  -62, 0.0
393233.9200,  -79, 0.0
393234.1700,  -75, 0.0
393234.4200,  -65, 0.0
393234.6800,  -61, 0.0
393234.9100,  -71, 0.0
393235.1800,  -62, 0.0
393235.4200,  -60, 0.0
393235.6700,  -61, 0.0
393235.9200,  -60, 0.0
393236.1700,  -64, 0.0
393236.4200,  -61, 0.0
393236.6800,  -65, 0.0
393236.9200,  -73, 0.0
393236.9500,  -71, 0.0
393237.1700,  -69, 0.0
393237.4300,  -80, 0.0
393237.4400,  -84, 0.0
393237.6700,  -71, 0.0
393237.9300,  -70, 0.0
393238.1900,  -67, 0.0
393238.4300,  -65, 0.0
393238.6800,  -72, 0.0
393238.9300,  -62, 0.0
393239.1800,  -62, 0.0
393239.1810,  -61, 0.0
393239.4300,  -60, 0.0
393239.6800,  -62, 0.0
393239.9300,  -62, 0.0
393240.1800,  -62, 0.0
393240.4400,  -63, 0.0
393240.6900,  -65, 0.0
393240.9400,  -63, 0.0
393241.1900,  -65, 0.0
393241.4400,  -67, 0.0
393241.6800,  -66, 0.0
393241.9400,  -70, 0.0
393242.1900,  -75, 0.0
393242.1910,  -76, 0.0
393242.4400,  -77, 0.0
393242.6900,  -67, 0.0
393242.9400,  -69, 0.0
393243.1900,  -72, 0.0
393243.4400,  -67, 0.0
393243.4500,  -66, 0.0
393243.4510,  -67, 0.0
393243.6900,  -63, 0.0
393243.9400,  -68, 0.0
393244.1900,  -70, 0.0
393244.4400,  -74, 0.0
393244.6900,  -74, 0.0
393244.9400,  -70, 0.0
393245.2000,  -72, 0.0
393245.4500,  -68, 0.0
393245.6900,  -69, 0.0
393245.9400,  -71, 0.0
393246.1900,  -65, 0.0
393246.4500,  -70, 0.0
393246.7000,  -69, 0.0
393246.9500,  -69, 0.0
393247.2000,  -63, 0.0
393247.4700,  -66, 0.0
393247.7000,  -66, 0.0
393247.7100,  -64, 0.0
393247.9500,  -64, 0.0
393248.2000,  -65, 0.0
393248.4500,  -66, 0.0
393248.7000,  -73, 0.0
393248.7200,  -72, 0.0
393248.7300,  -71, 0.0
393248.7400,  -74, 0.0
393248.9500,  -68, 0.0
393249.2100,  -63, 0.0
393249.4600,  -61, 0.0
393249.7100,  -62, 0.0
393249.7400,  -62, 0.0
393249.7700,  -62, 0.0
393249.9600,  -62, 0.0
393250.2100,  -67, 0.0
393250.4600,  -67, 0.0
393250.7100,  -64, 0.0
393250.9600,  -63, 0.0
393251.2100,  -73, 0.0
393251.4600,  -71, 0.0
393251.7100,  -74, 0.0
393251.9600,  -60, 0.0
393251.9700,  -59, 0.0
393251.9800,  -57, 0.0
393251.9900,  -59, 0.0
393252.0000,  -62, 0.0
393252.2300,  -61, 0.0
393252.4600,  -63, 0.0
393252.7100,  -61, 0.0
393252.9900,  -53, 0.0
393253.2300,  -52, 0.0
393253.4700,  -53, 0.0
393253.7200,  -59, 0.0
393253.9700,  -61, 0.0
393253.9900,  -61, 0.0
393254.0200,  -61, 0.0
393254.2300,  -66, 0.0
393254.4700,  -75, 0.0
393254.7200,  -64, 0.0
393254.9800,  -65, 0.0
393255.2300,  -64, 0.0
393255.4700,  -64, 0.0
393255.7200,  -63, 0.0
393255.9700,  -68, 0.0
393256.2200,  -83, 0.0
393256.2600,  -77, 0.0
393256.2700,  -76, 0.0
393256.4800,  -79, 0.0
393256.7300,  -81, 0.0
393256.9700,  -74, 0.0
393257.2600,  -74, 0.0
393257.2700,  -75, 0.0
393257.4800,  -74, 0.0
393257.7300,  -71, 0.0
393257.9800,  -70, 0.0
393258.5100,  -72, 0.0
393258.5200,  -73, 0.0
393258.7300,  -73, 0.0
393258.9800,  -74, 0.0
393259.2800,  -70, 0.0
393259.4800,  -68, 0.0
393259.7300,  -68, 0.0
393259.9800,  -68, 0.0
393260.2400,  -67, 0.0
393260.5000,  -68, 0.0
393260.5100,  -69, 0.0
393260.7400,  -67, 0.0
393260.9900,  -62, 0.0
393261.2400,  -63, 0.0
393261.5200,  -64, 0.0
393261.7400,  -63, 0.0
393261.9900,  -62, 0.0
393262.2500,  -64, 0.0
393262.4900,  -61, 0.0
393262.7400,  -65, 0.0
393262.9900,  -65, 0.0
393263.2400,  -63, 0.0
393263.4900,  -64, 0.0
393263.7400,  -68, 0.0
393264.0200,  -64, 0.0
393264.2500,  -70, 0.0
393264.5000,  -70, 0.0
393264.7500,  -68, 0.0
393264.8000,  -75, 0.0
393265.0200,  -75, 0.0
393265.2400,  -76, 0.0
393265.5000,  -73, 0.0
393265.7500,  -69, 0.0
393266.0100,  -68, 0.0
393266.2500,  -65, 0.0
393266.5000,  -77, 0.0
393266.7600,  -76, 0.0
393267.0300,  -63, 0.0
393267.2500,  -64, 0.0
393267.5000,  -60, 0.0
393267.7700,  -62, 0.0
393268.0100,  -62, 0.0
393268.0200,  -61, 0.0
393268.2500,  -62, 0.0
393268.5100,  -60, 0.0
393268.7500,  -61, 0.0
393269.0200,  -61, 0.0
393269.0300,  -66, 0.0
393269.0500,  -64, 0.0
393269.2500,  -70, 0.0
393269.5100,  -67, 0.0
393269.7600,  -69, 0.0
393270.0200,  -67, 0.0
393270.2800,  -61, 0.0
393270.5200,  -63, 0.0
393270.7600,  -63, 0.0
393271.0300,  -65, 0.0
393271.2600,  -60, 0.0
393271.5200,  -70, 0.0
393271.7700,  -69, 0.0
393272.0200,  -66, 0.0
393272.2900,  -65, 0.0
393272.5100,  -64, 0.0
393272.7600,  -63, 0.0
393273.0200,  -61, 0.0
393273.2600,  -63, 0.0
393273.2900,  -65, 0.0
393273.5200,  -65, 0.0
393273.7700,  -60, 0.0
393274.0300,  -62, 0.0
393274.2700,  -60, 0.0
393274.5200,  -60, 0.0
393274.5300,  -59, 0.0
393274.5400,  -59, 0.0
393274.7800,  -57, 0.0
393275.0200,  -60, 0.0
393275.3100,  -60, 0.0
393275.5200,  -64, 0.0
393275.7700,  -59, 0.0
393276.0200,  -53, 0.0
393276.2800,  -52, 0.0
393276.5300,  -52, 0.0
393276.7700,  -50, 0.0
393277.0300,  -53, 0.0
393277.2800,  -54, 0.0
393277.5300,  -50, 0.0
393277.7800,  -49, 0.0
393278.0300,  -49, 0.0
393278.2800,  -52, 0.0
393278.5300,  -53, 0.0
393278.7800,  -51, 0.0
393279.0300,  -52, 0.0
393279.2800,  -54, 0.0
393279.5300,  -59, 0.0
393279.7800,  -58, 0.0
393279.7900,  -58, 0.0
393280.0300,  -62, 0.0
393280.2800,  -61, 0.0
393280.5800,  -72, 0.0
393280.8300,  -82, 0.0
393281.0500,  -73, 0.0
393281.2900,  -63, 0.0
393281.5400,  -62, 0.0
393281.8000,  -64, 0.0
393281.8400,  -62, 0.0
393282.0400,  -62, 0.0
393282.2900,  -58, 0.0
393282.5400,  -55, 0.0
393282.8000,  -55, 0.0
393283.0400,  -58, 0.0
393283.2900,  -58, 0.0
393283.5500,  -63, 0.0
393283.8000,  -62, 0.0
393284.0500,  -61, 0.0
393284.2900,  -61, 0.0
393284.5500,  -62, 0.0
393284.8000,  -65, 0.0
393285.3000,  -63, 0.0
393285.5500,  -63, 0.0
393285.8000,  -63, 0.0
393286.0900,  -61, 0.0
393286.3000,  -65, 0.0
393286.5500,  -63, 0.0
393286.8000,  -68, 0.0
393287.0500,  -68, 0.0
393287.3100,  -62, 0.0
393287.5600,  -64, 0.0
393287.8100,  -66, 0.0
393288.0500,  -72, 0.0
393288.3000,  -69, 0.0
393288.5600,  -76, 0.0
393288.5610,  -77, 0.0
393288.8100,  -78, 0.0
393289.0600,  -74, 0.0
393289.3100,  -76, 0.0
393289.5700,  -78, 0.0
393289.8200,  -75, 0.0
393290.0600,  -79, 0.0
393290.3100,  -80, 0.0
393290.5600,  -72, 0.0
393290.5900,  -77, 0.0
393290.8200,  -74, 0.0
393291.0700,  -73, 0.0
393291.3100,  -72, 0.0
393291.5700,  -71, 0.0
393291.5710,  -73, 0.0
393291.8200,  -82, 0.0
393292.0700,  -81, 0.0
393292.3200,  -77, 0.0
393292.6100,  -72, 0.0
393292.8200,  -84, 0.0
393293.0700,  -80, 0.0
393293.3200,  -82, 0.0
393293.5700,  -73, 0.0
393293.8200,  -70, 0.0
393294.0700,  -69, 0.0
393294.3200,  -64, 0.0
393294.5800,  -67, 0.0
393294.8300,  -65, 0.0
393294.8600,  -65, 0.0
393295.0900,  -62, 0.0
393295.3200,  -61, 0.0
393295.5800,  -62, 0.0
393295.8300,  -62, 0.0
393295.8600,  -62, 0.0
393296.0800,  -61, 0.0
393296.3300,  -64, 0.0
393296.5800,  -64, 0.0
393296.8300,  -64, 0.0
393297.0800,  -67, 0.0
393297.3300,  -73, 0.0
393297.5800,  -72, 0.0
393297.8600,  -70, 0.0
393297.8800,  -72, 0.0
393298.0800,  -73, 0.0
393298.3300,  -79, 0.0
393298.5800,  -78, 0.0
393298.8400,  -80, 0.0
393299.0800,  -74, 0.0
393299.0900,  -73, 0.0
393299.1400,  -71, 0.0
393299.3300,  -78, 0.0
393299.5900,  -79, 0.0
393299.8500,  -83, 0.0
393300.0900,  -76, 0.0
393300.3400,  -79, 0.0
393300.6100,  -84, 0.0
393301.1500,  -84, 0.0
393301.3500,  -87, 0.0
393301.6000,  -86, 0.0
393302.0900,  -74, 0.0
393302.3400,  -77, 0.0
393302.5900,  -72, 0.0
393302.8400,  -74, 0.0
393303.3400,  -68, 0.0
393303.3500,  -70, 0.0
393303.6000,  -65, 0.0
393303.8700,  -66, 0.0
393304.1700,  -71, 0.0
393304.3600,  -67, 0.0
393304.3700,  -71, 0.0
393304.3800,  -68, 0.0
393304.6000,  -72, 0.0
393304.8500,  -74, 0.0
393305.1000,  -73, 0.0
393305.3500,  -76, 0.0
393305.3900,  -74, 0.0
393305.6100,  -80, 0.0
393305.8600,  -69, 0.0
393306.1100,  -66, 0.0
393306.3500,  -62, 0.0
393306.6100,  -64, 0.0
393306.6200,  -62, 0.0
393306.8600,  -67, 0.0
393307.1000,  -59, 0.0
393307.4200,  -55, 0.0
393307.6100,  -56, 0.0
393307.8600,  -55, 0.0
393308.1200,  -57, 0.0
393308.3600,  -60, 0.0
393308.6100,  -60, 0.0
393308.8600,  -62, 0.0
393309.1100,  -62, 0.0
393309.3600,  -63, 0.0
393309.6300,  -56, 0.0
393309.6500,  -58, 0.0
393309.6700,  -59, 0.0
393309.8600,  -58, 0.0
393310.1200,  -58, 0.0
393310.3600,  -56, 0.0
393310.6100,  -54, 0.0
393310.8600,  -53, 0.0
393310.8700,  -54, 0.0
393311.1300,  -57, 0.0
393311.3700,  -59, 0.0
393311.6200,  -61, 0.0
393311.8600,  -67, 0.0
393311.8800,  -67, 0.0
393312.1300,  -75, 0.0
393312.3700,  -73, 0.0
393312.6300,  -67, 0.0
393312.9200,  -63, 0.0
393313.1200,  -67, 0.0
393313.3700,  -64, 0.0
393313.6200,  -64, 0.0
393313.8800,  -62, 0.0
393314.1200,  -61, 0.0
393314.1400,  -63, 0.0
393314.3700,  -60, 0.0
393314.6300,  -62, 0.0
393314.8900,  -61, 0.0
393315.1300,  -62, 0.0
393315.3800,  -61, 0.0
393315.6300,  -62, 0.0
393315.8800,  -61, 0.0
393316.1600,  -60, 0.0
393316.3800,  -58, 0.0
393316.6300,  -60, 0.0
393316.9000,  -59, 0.0
393317.1600,  -61, 0.0
393317.3800,  -60, 0.0
393317.6300,  -57, 0.0
393317.8800,  -57, 0.0
393318.3900,  -62, 0.0
393318.3910,  -62, 0.0
393318.6400,  -60, 0.0
393318.8900,  -62, 0.0
393319.1400,  -61, 0.0
393319.4100,  -66, 0.0
393319.4200,  -63, 0.0
393319.6400,  -57, 0.0
393319.8900,  -53, 0.0
393320.1400,  -46, 0.0
393320.4000,  -46, 0.0
393320.4200,  -48, 0.0
393320.4300,  -47, 0.0
393320.6400,  -61, 0.0
393320.8900,  -66, 0.0
393321.1400,  -64, 0.0
393321.4000,  -57, 0.0
393321.6400,  -61, 0.0
393321.8900,  -64, 0.0
393322.1500,  -69, 0.0
393322.4000,  -69, 0.0
393322.6500,  -62, 0.0
393322.6800,  -62, 0.0
393322.9000,  -63, 0.0
393323.1500,  -63, 0.0
393323.4000,  -64, 0.0
393323.6500,  -62, 0.0
393323.9100,  -64, 0.0
393324.1500,  -63, 0.0
393324.4000,  -69, 0.0
393324.6500,  -67, 0.0
393324.6700,  -67, 0.0
393324.9000,  -64, 0.0
393325.1500,  -63, 0.0
393325.4000,  -63, 0.0
393325.6600,  -62, 0.0
393325.9000,  -60, 0.0
393326.1600,  -66, 0.0
393326.4000,  -62, 0.0
393326.6600,  -60, 0.0
393326.9000,  -63, 0.0
393327.1600,  -64, 0.0
393327.4100,  -62, 0.0
393327.6600,  -66, 0.0
393327.9100,  -63, 0.0
393328.1600,  -62, 0.0
393328.4100,  -63, 0.0
393328.6600,  -65, 0.0
393328.9100,  -64, 0.0
393329.1600,  -68, 0.0
393329.4200,  -64, 0.0
393329.6700,  -63, 0.0
393329.9600,  -65, 0.0
393330.1700,  -63, 0.0
393330.4200,  -64, 0.0
393330.6700,  -64, 0.0
393330.9200,  -63, 0.0
393331.1600,  -62, 0.0
393331.1700,  -63, 0.0
393331.1800,  -62, 0.0
393331.4200,  -63, 0.0
393331.6700,  -63, 0.0
393331.9200,  -63, 0.0
393331.9300,  -63, 0.0
393332.1700,  -64, 0.0
393332.4200,  -66, 0.0
393332.6800,  -69, 0.0
393332.7000,  -68, 0.0
393332.9200,  -69, 0.0
393333.1700,  -73, 0.0
393333.4500,  -71, 0.0
393333.6800,  -68, 0.0
393333.9400,  -70, 0.0
393334.1800,  -70, 0.0
393334.4300,  -64, 0.0
393334.6800,  -63, 0.0
393334.9300,  -60, 0.0
393335.1800,  -64, 0.0
393335.4500,  -62, 0.0
393335.4600,  -64, 0.0
393335.4700,  -63, 0.0
393335.6800,  -62, 0.0
393335.9300,  -62, 0.0
393336.1800,  -61, 0.0
393336.4300,  -59, 0.0
393336.7000,  -61, 0.0
393336.9400,  -62, 0.0
393337.1900,  -64, 0.0
393337.6700,  -72, 0.0
393337.6900,  -61, 0.0
393337.6910,  -61, 0.0
393337.7100,  -60, 0.0
393337.9300,  -61, 0.0
393338.1900,  -61, 0.0
393338.4300,  -61, 0.0
393338.6900,  -59, 0.0
393338.7000,  -61, 0.0
393338.7100,  -60, 0.0
393338.7110,  -59, 0.0
393338.9400,  -61, 0.0
393339.1900,  -61, 0.0
393339.4500,  -62, 0.0
393339.7200,  -65, 0.0
393339.7500,  -61, 0.0
393339.9500,  -64, 0.0
393340.1900,  -62, 0.0
393340.4400,  -59, 0.0
393340.6900,  -61, 0.0
393340.9500,  -62, 0.0
393340.9510,  -60, 0.0
393340.9600,  -61, 0.0
393341.1900,  -59, 0.0
393341.4500,  -62, 0.0
393341.7000,  -61, 0.0
393341.9600,  -63, 0.0
393342.2000,  -63, 0.0
393342.4500,  -61, 0.0
393342.7000,  -58, 0.0
393342.9600,  -61, 0.0
393342.9700,  -63, 0.0
393342.9800,  -61, 0.0
393343.2000,  -60, 0.0
393343.4500,  -60, 0.0
393343.7000,  -63, 0.0
393343.9700,  -64, 0.0
393343.9710,  -64, 0.0
393344.2100,  -64, 0.0
393344.4500,  -64, 0.0
393344.7000,  -63, 0.0
393344.9600,  -63, 0.0
393345.2100,  -63, 0.0
393345.4600,  -64, 0.0
393345.7100,  -61, 0.0
393345.9700,  -63, 0.0
393346.2100,  -66, 0.0
393346.4600,  -66, 0.0
393346.7100,  -62, 0.0
393346.9600,  -62, 0.0
393347.2100,  -66, 0.0
393347.4600,  -70, 0.0
393347.7200,  -72, 0.0
393347.9600,  -73, 0.0
393348.2200,  -71, 0.0
393348.4700,  -65, 0.0
393348.7200,  -70, 0.0
393348.9700,  -71, 0.0
393349.2200,  -69, 0.0
393349.4700,  -69, 0.0
393349.4800,  -68, 0.0
393349.4810,  -69, 0.0
393349.7200,  -69, 0.0
393349.9700,  -70, 0.0
393350.2200,  -70, 0.0
393350.4700,  -68, 0.0
393350.4800,  -68, 0.0
393350.5200,  -72, 0.0
393350.7200,  -68, 0.0
393350.9700,  -67, 0.0
393351.2200,  -68, 0.0
393351.5200,  -67, 0.0
393351.7200,  -66, 0.0
393351.9800,  -67, 0.0
393352.2300,  -64, 0.0
393352.4800,  -64, 0.0
393352.4900,  -64, 0.0
393352.5100,  -63, 0.0
393352.7300,  -63, 0.0
393352.9800,  -62, 0.0
393353.2300,  -63, 0.0
393353.7300,  -71, 0.0
393353.9800,  -64, 0.0
393354.2300,  -63, 0.0
393354.4800,  -59, 0.0
393354.7300,  -62, 0.0
393354.9800,  -64, 0.0
393355.2300,  -67, 0.0
393355.4900,  -67, 0.0
393355.7400,  -68, 0.0
393355.7600,  -64, 0.0
393355.9900,  -65, 0.0
393356.2400,  -66, 0.0
393356.4900,  -63, 0.0
393356.7400,  -63, 0.0
393356.9900,  -65, 0.0
393357.2400,  -62, 0.0
393357.4900,  -59, 0.0
393357.7400,  -65, 0.0
393357.9900,  -68, 0.0
393358.2400,  -82, 0.0
393358.4900,  -64, 0.0
393358.7400,  -60, 0.0
393359.0000,  -59, 0.0
393359.0010,  -59, 0.0
393359.0200,  -58, 0.0
393359.2500,  -60, 0.0
393359.5000,  -57, 0.0
393359.7400,  -57, 0.0
393360.0000,  -58, 0.0
393360.0100,  -57, 0.0
393360.0300,  -58, 0.0
393360.2400,  -55, 0.0
393360.4900,  -56, 0.0
393360.7500,  -56, 0.0
393361.0000,  -56, 0.0
393361.2500,  -56, 0.0
393361.2600,  -55, 0.0
393361.2610,  -57, 0.0
393361.2700,  -57, 0.0
393361.5000,  -59, 0.0
393361.7500,  -62, 0.0
393362.0600,  -63, 0.0
393362.2500,  -62, 0.0
393362.5000,  -64, 0.0
393362.7700,  -66, 0.0
393363.0100,  -70, 0.0
393363.2700,  -73, 0.0
393363.5100,  -81, 0.0
393363.7700,  -82, 0.0
393364.0100,  -70, 0.0
393364.2600,  -67, 0.0
393364.5100,  -66, 0.0
393364.7600,  -63, 0.0
393365.0100,  -65, 0.0
393365.3100,  -60, 0.0
393365.5100,  -61, 0.0
393365.7600,  -60, 0.0
393366.0100,  -62, 0.0
393366.2600,  -63, 0.0
393366.5200,  -65, 0.0
393366.7600,  -61, 0.0
393367.0100,  -63, 0.0
393367.2600,  -61, 0.0
393367.5200,  -62, 0.0
393367.5400,  -61, 0.0
393367.5500,  -62, 0.0
393367.7700,  -62, 0.0
393368.0200,  -61, 0.0
393368.2700,  -60, 0.0
393368.5200,  -60, 0.0
393368.7700,  -61, 0.0
393369.0200,  -60, 0.0
393369.2700,  -64, 0.0
393369.5200,  -61, 0.0
393369.7700,  -62, 0.0
393370.0200,  -62, 0.0
393370.2800,  -61, 0.0
393370.5300,  -64, 0.0
393370.7900,  -61, 0.0
393371.0300,  -63, 0.0
393371.2700,  -65, 0.0
393371.5300,  -64, 0.0
393371.7800,  -64, 0.0
393372.0400,  -63, 0.0
393372.2800,  -63, 0.0
393372.5300,  -63, 0.0
393372.7900,  -61, 0.0
393372.8200,  -62, 0.0
393372.8500,  -62, 0.0
393373.0300,  -63, 0.0
393373.0400,  -64, 0.0
393373.0500,  -63, 0.0
393373.2800,  -64, 0.0
393373.5300,  -63, 0.0
393373.7800,  -61, 0.0
393374.0400,  -62, 0.0
393374.2800,  -63, 0.0
393374.5300,  -61, 0.0
393374.7800,  -62, 0.0
393375.0400,  -61, 0.0
393375.2900,  -58, 0.0
393375.5400,  -58, 0.0
393375.7900,  -58, 0.0
393376.0400,  -62, 0.0
393376.0900,  -60, 0.0
393376.2900,  -61, 0.0
393376.5400,  -63, 0.0
393376.7900,  -62, 0.0
393377.0700,  -62, 0.0
393377.2900,  -64, 0.0
393377.5400,  -60, 0.0
393377.8000,  -62, 0.0
393378.0500,  -63, 0.0
393378.2900,  -63, 0.0
393378.5400,  -62, 0.0
393378.8000,  -62, 0.0
393379.0500,  -61, 0.0
393379.3100,  -59, 0.0
393379.3200,  -60, 0.0
393379.5500,  -63, 0.0
393379.8000,  -70, 0.0
393380.0500,  -63, 0.0
393380.3000,  -61, 0.0
393380.5500,  -63, 0.0
393380.8000,  -65, 0.0
393381.0500,  -61, 0.0
393381.3100,  -61, 0.0
393381.5500,  -62, 0.0
393381.5700,  -62, 0.0
393381.8100,  -63, 0.0
393382.0500,  -63, 0.0
393382.3100,  -65, 0.0
393382.5800,  -64, 0.0
393382.8000,  -65, 0.0
393383.0700,  -63, 0.0
393383.3100,  -62, 0.0
393383.5600,  -61, 0.0
393383.5800,  -64, 0.0
393383.8100,  -61, 0.0
393384.0600,  -65, 0.0
393384.3100,  -63, 0.0
393384.5700,  -61, 0.0
393384.8100,  -63, 0.0
393384.8200,  -64, 0.0
393384.8400,  -63, 0.0
393385.0600,  -64, 0.0
393385.3100,  -61, 0.0
393385.5600,  -60, 0.0
393385.8100,  -56, 0.0
393385.8200,  -55, 0.0
393385.8300,  -56, 0.0
393385.8400,  -55, 0.0
393386.0700,  -54, 0.0
393386.3200,  -56, 0.0
393386.5700,  -53, 0.0
393386.8100,  -52, 0.0
393387.0700,  -50, 0.0
393387.3200,  -54, 0.0
393387.5700,  -53, 0.0
393387.8200,  -54, 0.0
393387.8300,  -55, 0.0
393388.0700,  -54, 0.0
393388.3200,  -54, 0.0
393388.5700,  -55, 0.0
393388.8200,  -55, 0.0
393389.0800,  -54, 0.0
393389.0810,  -53, 0.0
393389.3200,  -54, 0.0
393389.5800,  -55, 0.0
393389.8600,  -54, 0.0
393390.0900,  -56, 0.0
393390.1000,  -54, 0.0
393390.3300,  -54, 0.0
393390.5800,  -56, 0.0
393390.8300,  -55, 0.0
393391.0800,  -54, 0.0
393391.3300,  -55, 0.0
393391.5800,  -58, 0.0
393391.8300,  -58, 0.0
393392.0900,  -56, 0.0
393392.3300,  -57, 0.0
393392.5800,  -59, 0.0
393392.8400,  -55, 0.0
393393.3400,  -56, 0.0
393393.5800,  -59, 0.0
393393.8300,  -59, 0.0
393394.0800,  -58, 0.0
393394.3400,  -60, 0.0
393394.3500,  -61, 0.0
393394.3510,  -59, 0.0
393394.5900,  -61, 0.0
393394.8400,  -60, 0.0
393395.0900,  -58, 0.0
393395.3400,  -59, 0.0
393395.5900,  -59, 0.0
393395.8400,  -56, 0.0
393396.1000,  -59, 0.0
393396.3400,  -62, 0.0
393396.5900,  -61, 0.0
393396.8400,  -67, 0.0
393397.1000,  -71, 0.0
393397.3400,  -63, 0.0
393397.6000,  -63, 0.0
393397.8500,  -66, 0.0
393398.6100,  -77, 0.0
393398.8600,  -85, 0.0
393399.1000,  -80, 0.0
393399.1100,  -76, 0.0
393399.3600,  -64, 0.0
393399.6100,  -64, 0.0
393399.8500,  -66, 0.0
393400.1000,  -78, 0.0
393400.3600,  -60, 0.0
393400.6000,  -60, 0.0
393400.8500,  -61, 0.0
393400.8600,  -64, 0.0
393401.1000,  -59, 0.0
393401.3600,  -62, 0.0
393401.6100,  -62, 0.0
393401.8600,  -59, 0.0
393401.8610,  -61, 0.0
393401.8800,  -59, 0.0
393402.1100,  -60, 0.0
393402.3600,  -63, 0.0
393402.6100,  -62, 0.0
393402.8600,  -60, 0.0
393403.1100,  -60, 0.0
393403.3600,  -62, 0.0
393403.6100,  -63, 0.0
393403.8700,  -64, 0.0
393403.8900,  -68, 0.0
393403.9100,  -62, 0.0
393404.1200,  -74, 0.0
393404.3700,  -71, 0.0
393404.6100,  -62, 0.0
393404.8700,  -59, 0.0
393404.8800,  -62, 0.0
393405.1100,  -80, 0.0
393405.3700,  -68, 0.0
393405.6200,  -70, 0.0
393405.8700,  -70, 0.0
393406.1300,  -74, 0.0
393406.1400,  -75, 0.0
393406.1500,  -74, 0.0
393406.3700,  -62, 0.0
393406.6200,  -62, 0.0
393406.8700,  -73, 0.0
393407.1200,  -71, 0.0
393407.3700,  -70, 0.0
393407.6200,  -70, 0.0
393407.8700,  -66, 0.0
393408.1700,  -72, 0.0
393408.1900,  -71, 0.0
393408.3700,  -74, 0.0
393408.6300,  -73, 0.0
393408.8800,  -72, 0.0
393409.1800,  -69, 0.0
393409.1900,  -70, 0.0
393409.3800,  -70, 0.0
393409.3900,  -67, 0.0
393409.6300,  -69, 0.0
393409.8800,  -66, 0.0
393410.1300,  -67, 0.0
393410.3800,  -64, 0.0
393410.6300,  -65, 0.0
393410.8800,  -68, 0.0
393411.1300,  -74, 0.0
393411.3800,  -60, 0.0
393411.6300,  -71, 0.0
393411.8800,  -63, 0.0
393412.1400,  -65, 0.0
393412.3800,  -65, 0.0
393412.6400,  -66, 0.0
393412.6410,  -66, 0.0
393412.6700,  -65, 0.0
393412.8900,  -62, 0.0
393413.1400,  -63, 0.0
393413.3900,  -62, 0.0
393413.6400,  -67, 0.0
393413.8900,  -67, 0.0
393414.1400,  -55, 0.0
393414.3900,  -53, 0.0
393414.6400,  -53, 0.0
393414.6500,  -54, 0.0
393414.6600,  -54, 0.0
393414.8900,  -58, 0.0
393415.1400,  -56, 0.0
393415.3900,  -62, 0.0
393415.6600,  -64, 0.0
393415.9000,  -67, 0.0
393415.9010,  -66, 0.0
393416.1500,  -60, 0.0
393416.3900,  -51, 0.0
393416.6400,  -64, 0.0
393416.9000,  -60, 0.0
393417.1400,  -51, 0.0
393417.4000,  -53, 0.0
393417.6500,  -53, 0.0
393417.9000,  -51, 0.0
393417.9100,  -50, 0.0
393417.9200,  -53, 0.0
393417.9400,  -50, 0.0
393418.1500,  -51, 0.0
393418.4000,  -52, 0.0
393418.6500,  -52, 0.0
393418.9100,  -55, 0.0
393418.9300,  -54, 0.0
393418.9500,  -55, 0.0
393419.1500,  -53, 0.0
393419.4100,  -54, 0.0
393419.6500,  -52, 0.0
393419.9100,  -53, 0.0
393420.1600,  -55, 0.0
393420.4100,  -51, 0.0
393420.6500,  -51, 0.0
393420.9100,  -55, 0.0
393421.1600,  -52, 0.0
393421.4100,  -50, 0.0
393421.6600,  -54, 0.0
393421.9100,  -53, 0.0
393422.1600,  -52, 0.0
393422.4100,  -53, 0.0
393422.6700,  -53, 0.0
393422.9100,  -53, 0.0
393423.1600,  -52, 0.0
393423.1800,  -53, 0.0
393423.1900,  -53, 0.0
393423.4200,  -52, 0.0
393423.6600,  -53, 0.0
393423.9200,  -55, 0.0
393424.1700,  -54, 0.0
393424.4200,  -51, 0.0
393424.6700,  -51, 0.0
393424.9200,  -52, 0.0
393425.1700,  -52, 0.0
393425.4200,  -52, 0.0
393425.6700,  -52, 0.0
393425.9200,  -53, 0.0
393426.1700,  -50, 0.0
393426.4200,  -52, 0.0
393426.6700,  -51, 0.0
393426.9200,  -51, 0.0
393427.1700,  -54, 0.0
393427.4300,  -51, 0.0
393427.4600,  -50, 0.0
393427.4610,  -54, 0.0
393427.6700,  -54, 0.0
393427.9300,  -55, 0.0
393428.1800,  -51, 0.0
393428.4300,  -54, 0.0
393428.6800,  -52, 0.0
393428.9300,  -51, 0.0
393429.1800,  -51, 0.0
393429.4300,  -51, 0.0
393429.6800,  -52, 0.0
393429.6900,  -52, 0.0
393429.7000,  -52, 0.0
393429.7100,  -52, 0.0
393429.9400,  -51, 0.0
393430.1800,  -49, 0.0
393430.4300,  -50, 0.0
393430.6900,  -52, 0.0
393430.9300,  -51, 0.0
393431.1900,  -50, 0.0
393431.4400,  -51, 0.0
393431.6900,  -50, 0.0
393431.9400,  -49, 0.0
393432.1900,  -49, 0.0
393432.4300,  -50, 0.0
393432.7000,  -49, 0.0
393432.7200,  -51, 0.0
393432.9400,  -50, 0.0
393433.1900,  -49, 0.0
393433.4400,  -49, 0.0
393434.0400,  -50, 0.0
393434.0700,  -53, 0.0
393434.1900,  -54, 0.0
393434.4400,  -55, 0.0
393434.6900,  -57, 0.0
393434.9400,  -57, 0.0
393434.9500,  -58, 0.0
393435.2000,  -62, 0.0
393435.4500,  -63, 0.0
393435.7000,  -65, 0.0
393435.9500,  -65, 0.0
393436.2100,  -61, 0.0
393436.4500,  -61, 0.0
393436.7000,  -74, 0.0
393436.9500,  -73, 0.0
393437.2000,  -75, 0.0
393437.4500,  -69, 0.0
393437.7000,  -63, 0.0
393437.9600,  -62, 0.0
393438.2000,  -62, 0.0
393438.4600,  -60, 0.0
393438.7100,  -59, 0.0
393438.9500,  -60, 0.0
393439.2100,  -62, 0.0
393439.4600,  -62, 0.0
393439.7100,  -63, 0.0
393439.9600,  -63, 0.0
393440.2300,  -66, 0.0
393440.4600,  -65, 0.0
393440.4800,  -64, 0.0
393440.7100,  -63, 0.0
393440.9700,  -68, 0.0
393441.2100,  -66, 0.0
393441.4600,  -66, 0.0
393441.7100,  -63, 0.0
393441.9700,  -66, 0.0
393442.2300,  -64, 0.0
393442.4600,  -64, 0.0
393442.7200,  -62, 0.0
393442.9700,  -60, 0.0
393443.2200,  -62, 0.0
393443.4700,  -60, 0.0
393443.5000,  -60, 0.0
393443.7200,  -61, 0.0
393443.9700,  -61, 0.0
393444.2200,  -64, 0.0
393444.4700,  -56, 0.0
393444.7200,  -55, 0.0
393444.9700,  -54, 0.0
393445.2300,  -53, 0.0
393445.4800,  -60, 0.0
393445.7200,  -60, 0.0
393445.7400,  -59, 0.0
393445.7500,  -59, 0.0
393445.9700,  -57, 0.0
393446.2200,  -56, 0.0
393446.4700,  -60, 0.0
393446.7300,  -73, 0.0
393446.7500,  -73, 0.0
393446.9800,  -69, 0.0
393447.2300,  -79, 0.0
393447.4800,  -65, 0.0
393447.7300,  -60, 0.0
393447.9900,  -63, 0.0
393448.2300,  -64, 0.0
393448.4800,  -68, 0.0
393448.7300,  -70, 0.0
393448.9800,  -77, 0.0
393449.2300,  -73, 0.0
393449.4900,  -64, 0.0
393449.7300,  -62, 0.0
393449.9800,  -62, 0.0
393449.9900,  -62, 0.0
393450.2400,  -63, 0.0
393450.4900,  -57, 0.0
393450.7400,  -63, 0.0
393451.0000,  -60, 0.0
393451.0100,  -60, 0.0
393451.0200,  -60, 0.0
393451.2400,  -61, 0.0
393451.4900,  -71, 0.0
393451.7400,  -63, 0.0
393452.0500,  -63, 0.0
393452.2400,  -61, 0.0
393452.5000,  -60, 0.0
393452.7500,  -59, 0.0
393452.9900,  -63, 0.0
393453.2500,  -63, 0.0
393453.4900,  -58, 0.0
393453.7500,  -54, 0.0
393454.0000,  -50, 0.0
393454.2500,  -53, 0.0
393454.2600,  -51, 0.0
393454.2610,  -50, 0.0
393454.5200,  -75, 0.0
393454.7500,  -55, 0.0
393455.0000,  -61, 0.0
393455.2500,  -60, 0.0
393455.5200,  -62, 0.0
393455.7500,  -69, 0.0
393456.0000,  -65, 0.0
393456.2800,  -70, 0.0
393456.5200,  -72, 0.0
393456.5300,  -72, 0.0
393456.7600,  -59, 0.0
393457.0000,  -60, 0.0
393457.2500,  -56, 0.0
393457.5200,  -57, 0.0
393457.5300,  -57, 0.0
393457.7600,  -60, 0.0
393458.0100,  -62, 0.0
393458.2600,  -61, 0.0
393458.5200,  -59, 0.0
393458.7600,  -60, 0.0
393459.0100,  -64, 0.0
393459.2600,  -62, 0.0
393459.5400,  -67, 0.0
393459.7600,  -65, 0.0
393459.7700,  -66, 0.0
393460.0100,  -63, 0.0
393460.2600,  -63, 0.0
393460.5200,  -72, 0.0
393460.7600,  -72, 0.0
393460.7700,  -71, 0.0
393460.8000,  -71, 0.0
393461.0200,  -64, 0.0
393461.2700,  -65, 0.0
393461.5700,  -68, 0.0
393461.7600,  -66, 0.0
393462.0200,  -64, 0.0
393462.2800,  -62, 0.0
393462.5300,  -63, 0.0
393462.7700,  -59, 0.0
393463.0200,  -56, 0.0
393463.2700,  -56, 0.0
393463.5300,  -55, 0.0
393463.7700,  -56, 0.0
393464.0200,  -53, 0.0
393464.2700,  -53, 0.0
393464.5500,  -61, 0.0
393464.7800,  -54, 0.0
393465.0300,  -51, 0.0
393465.2800,  -61, 0.0
393465.5300,  -51, 0.0
393465.7800,  -50, 0.0
393466.0600,  -53, 0.0
393466.2800,  -53, 0.0
393466.5400,  -49, 0.0
393466.7800,  -51, 0.0
393467.0300,  -48, 0.0
393467.2800,  -49, 0.0
393467.5300,  -46, 0.0
393467.7900,  -47, 0.0
393468.0400,  -46, 0.0
393468.0900,  -49, 0.0
393468.2800,  -50, 0.0
393468.5400,  -50, 0.0
393468.7800,  -51, 0.0
393469.0300,  -50, 0.0
393469.2900,  -51, 0.0
393469.3000,  -50, 0.0
393469.3200,  -53, 0.0
393469.5300,  -54, 0.0
393469.7900,  -53, 0.0
393470.0400,  -54, 0.0
393470.2900,  -52, 0.0
393470.5400,  -53, 0.0
393470.7900,  -53, 0.0
393471.0400,  -56, 0.0
393471.2900,  -50, 0.0
393471.5400,  -53, 0.0
393471.7900,  -53, 0.0
393472.0400,  -56, 0.0
393472.3000,  -53, 0.0
393472.5400,  -52, 0.0
393472.5500,  -54, 0.0
393472.5600,  -53, 0.0
393472.7900,  -54, 0.0
393473.0400,  -53, 0.0
393473.3000,  -56, 0.0
393473.5400,  -52, 0.0
393473.8000,  -53, 0.0
393474.0500,  -53, 0.0
393474.3000,  -52, 0.0
393474.5500,  -54, 0.0
393474.8000,  -53, 0.0
393475.0600,  -53, 0.0
393475.3100,  -53, 0.0
393475.5500,  -52, 0.0
393475.8000,  -53, 0.0
393476.0600,  -54, 0.0
393476.3100,  -53, 0.0
393476.5700,  -54, 0.0
393476.8100,  -56, 0.0
393477.0600,  -54, 0.0
393477.3100,  -58, 0.0
393477.5600,  -59, 0.0
393477.8100,  -59, 0.0
393478.0700,  -61, 0.0
393478.3100,  -61, 0.0
393478.5600,  -58, 0.0
393478.8200,  -58, 0.0
393479.0700,  -56, 0.0
393479.3200,  -60, 0.0
393479.5600,  -60, 0.0
393479.8200,  -54, 0.0
393480.0600,  -57, 0.0
393480.3200,  -56, 0.0
393480.5700,  -56, 0.0
393480.8200,  -57, 0.0
393481.1200,  -55, 0.0
393481.3200,  -56, 0.0
393481.5700,  -57, 0.0
393481.8200,  -55, 0.0
393482.0700,  -55, 0.0
393482.3200,  -55, 0.0
393482.5800,  -56, 0.0
393482.8200,  -58, 0.0
393483.0800,  -57, 0.0
393483.3200,  -55, 0.0
393483.5800,  -55, 0.0
393483.8300,  -56, 0.0
393484.1300,  -56, 0.0
393484.3400,  -58, 0.0
393484.3500,  -58, 0.0
393484.5700,  -58, 0.0
393484.8300,  -59, 0.0
393485.0800,  -61, 0.0
393485.3600,  -61, 0.0
393485.5800,  -59, 0.0
393485.8300,  -61, 0.0
393486.0900,  -60, 0.0
393486.3300,  -62, 0.0
393486.5800,  -62, 0.0
393486.8300,  -62, 0.0
393487.0800,  -62, 0.0
393487.3800,  -62, 0.0
393487.6000,  -61, 0.0
393487.8400,  -61, 0.0
393488.0900,  -64, 0.0
393488.3500,  -61, 0.0
393488.5900,  -64, 0.0
393488.8400,  -64, 0.0
393489.0900,  -65, 0.0
393489.4100,  -61, 0.0
393489.5900,  -61, 0.0
393489.6000,  -60, 0.0
393489.8400,  -62, 0.0
393490.0900,  -62, 0.0
393490.3500,  -62, 0.0
393490.5900,  -64, 0.0
393490.6000,  -60, 0.0
393490.8500,  -62, 0.0
393491.1000,  -61, 0.0
393491.3600,  -64, 0.0
393491.6000,  -63, 0.0
393491.8500,  -63, 0.0
393491.8600,  -64, 0.0
393492.1000,  -60, 0.0
393492.3600,  -63, 0.0
393492.6000,  -60, 0.0
393492.8600,  -61, 0.0
393493.1000,  -60, 0.0
393493.3700,  -61, 0.0
393493.6000,  -61, 0.0
393493.8500,  -59, 0.0
393494.1000,  -58, 0.0
393494.3600,  -59, 0.0
393494.6000,  -58, 0.0
393494.8600,  -59, 0.0
393495.1100,  -59, 0.0
393495.3600,  -57, 0.0
393495.6100,  -56, 0.0
393495.8600,  -53, 0.0
393496.1100,  -57, 0.0
393496.1200,  -54, 0.0
393496.1300,  -54, 0.0
393496.3600,  -56, 0.0
393496.6100,  -54, 0.0
393496.8600,  -54, 0.0
393497.1400,  -52, 0.0
393497.1500,  -54, 0.0
393497.3700,  -53, 0.0
393497.6100,  -53, 0.0
393497.8600,  -53, 0.0
393498.3900,  -53, 0.0
393498.6200,  -53, 0.0
393498.8700,  -51, 0.0
393499.1200,  -52, 0.0
393499.3800,  -50, 0.0
393499.3900,  -50, 0.0
393499.4000,  -51, 0.0
393499.6200,  -50, 0.0
393499.8700,  -52, 0.0
393500.1200,  -51, 0.0
393500.3700,  -51, 0.0
393500.6200,  -50, 0.0
393500.8700,  -51, 0.0
393501.1200,  -52, 0.0
393501.6200,  -52, 0.0
393501.8700,  -53, 0.0
393502.1300,  -56, 0.0
393502.3900,  -58, 0.0
393502.6200,  -55, 0.0
393502.8800,  -55, 0.0
393503.1300,  -53, 0.0
393503.1310,  -56, 0.0
393503.4400,  -55, 0.0
393503.6300,  -55, 0.0
393503.6400,  -55, 0.0
393503.6410,  -53, 0.0
393503.8800,  -52, 0.0
393504.1300,  -53, 0.0
393504.3800,  -54, 0.0
393504.6300,  -57, 0.0
393504.8800,  -54, 0.0
393505.1300,  -56, 0.0
393505.3900,  -58, 0.0
393505.7000,  -58, 0.0
393505.8900,  -61, 0.0
393506.1300,  -60, 0.0
393506.3800,  -60, 0.0
393506.8800,  -63, 0.0
393507.1400,  -68, 0.0
393507.3800,  -71, 0.0
393507.6400,  -77, 0.0
393507.8900,  -82, 0.0
393507.9000,  -78, 0.0
393507.9100,  -78, 0.0
393508.1500,  -81, 0.0
393508.3900,  -91, 0.0
393508.4000,  -92, 0.0
393508.4100,  -90, 0.0
393508.6400,  -82, 0.0
393508.9500,  -90, 0.0
393509.4100,  -97, 0.0
393509.4300,  -93, 0.0
393509.6400,  -92, 0.0
393509.6500,  -93, 0.0
393509.8900,  -78, 0.0
393510.1500,  -82, 0.0
393510.1600,  -81, 0.0
393510.1610,  -81, 0.0
393510.4000,  -83, 0.0
393510.6500,  -83, 0.0
393510.9000,  -83, 0.0
393511.1500,  -83, 0.0
393511.4000,  -83, 0.0
393511.6500,  -84, 0.0
393511.9000,  -82, 0.0
393512.1500,  -82, 0.0
393512.4000,  -85, 0.0
393512.6600,  -86, 0.0
393512.6700,  -83, 0.0
393512.9100,  -82, 0.0
393513.1900,  -85, 0.0
393513.2200,  -82, 0.0
393513.4000,  -85, 0.0
393513.6500,  -88, 0.0
393513.9000,  -83, 0.0
393514.1600,  -85, 0.0
393514.1700,  -85, 0.0
393514.4100,  -85, 0.0
393514.6600,  -83, 0.0
393514.9100,  -79, 0.0
393515.1600,  -85, 0.0
393515.4100,  -86, 0.0
393515.6600,  -83, 0.0
393515.9100,  -84, 0.0
393515.9200,  -82, 0.0
393515.9300,  -84, 0.0
393516.1600,  -85, 0.0
393516.4100,  -85, 0.0
393516.6600,  -83, 0.0
393516.9100,  -84, 0.0
393517.1700,  -84, 0.0
393517.1710,  -84, 0.0
393517.4200,  -82, 0.0
393517.4400,  -85, 0.0
393517.6700,  -85, 0.0
393517.9200,  -84, 0.0
393518.1700,  -84, 0.0
393518.4500,  -84, 0.0
393518.4700,  -82, 0.0
393518.6700,  -85, 0.0
393518.7000,  -84, 0.0
393518.9200,  -82, 0.0
393519.1700,  -85, 0.0
393519.4200,  -84, 0.0
393519.6700,  -81, 0.0
393519.9200,  -82, 0.0
393520.1800,  -81, 0.0
393520.4200,  -82, 0.0
393520.6800,  -85, 0.0
393520.9300,  -81, 0.0
393520.9400,  -82, 0.0
393521.1800,  -80, 0.0
393521.4300,  -86, 0.0
393521.6800,  -82, 0.0
393521.9200,  -79, 0.0
393521.9300,  -79, 0.0
393522.1800,  -78, 0.0
393522.4300,  -85, 0.0
393522.4400,  -89, 0.0
393522.4500,  -87, 0.0
393522.6800,  -82, 0.0
393522.6900,  -83, 0.0
393522.9300,  -86, 0.0
393523.1800,  -79, 0.0
393523.4300,  -82, 0.0
393523.6800,  -80, 0.0
393523.9600,  -75, 0.0
393523.9900,  -93, 0.0
393524.1800,  -87, 0.0
393524.4400,  -83, 0.0
393524.6900,  -72, 0.0
393524.9500,  -74, 0.0
393525.1800,  -82, 0.0
393525.4400,  -76, 0.0
393525.6900,  -85, 0.0
393525.9500,  -89, 0.0
393525.9600,  -83, 0.0
393525.9800,  -80, 0.0
393526.1900,  -89, 0.0
393526.4400,  -77, 0.0
393526.6900,  -78, 0.0
393526.9400,  -77, 0.0
393527.2000,  -79, 0.0
393527.4400,  -81, 0.0
393527.6900,  -78, 0.0
393527.9400,  -77, 0.0
393528.1900,  -83, 0.0
393528.4400,  -82, 0.0
393528.7000,  -83, 0.0
393528.9500,  -79, 0.0
393529.2400,  -88, 0.0
393529.4500,  -91, 0.0
393529.7000,  -91, 0.0
393529.7010,  -95, 0.0
393529.7100,  -93, 0.0
393529.7200,  -94, 0.0
393529.9500,  -88, 0.0
393530.2000,  -83, 0.0
393530.2100,  -82, 0.0
393530.2110,  -82, 0.0
393530.2300,  -81, 0.0
393530.4500,  -91, 0.0
393530.4600,  -91, 0.0
393530.7000,  -94, 0.0
393530.7100,  -96, 0.0
393530.7200,  -93, 0.0
393530.9500,  -79, 0.0
393530.9600,  -80, 0.0
393531.2600,  -81, 0.0
393531.4500,  -79, 0.0
393531.4600,  -77, 0.0
393531.7000,  -80, 0.0
393531.9600,  -80, 0.0
393532.2000,  -85, 0.0
393532.4500,  -90, 0.0
393532.4600,  -91, 0.0
393532.7100,  -81, 0.0
393532.9600,  -75, 0.0
393533.2100,  -81, 0.0
393533.2200,  -81, 0.0
393533.4500,  -87, 0.0
393533.4600,  -89, 0.0
393533.4700,  -89, 0.0
393533.4800,  -88, 0.0
393533.7100,  -80, 0.0
393533.9600,  -82, 0.0
393534.2100,  -76, 0.0
393534.4600,  -83, 0.0
393534.7100,  -80, 0.0
393534.9600,  -86, 0.0
393535.2200,  -89, 0.0
393535.7100,  -87, 0.0
393535.7200,  -89, 0.0
393535.7300,  -90, 0.0
393535.9600,  -91, 0.0
393535.9700,  -91, 0.0
393536.2100,  -90, 0.0
393536.2200,  -89, 0.0
393536.4700,  -84, 0.0
393536.7200,  -71, 0.0
393536.7400,  -70, 0.0
393536.9700,  -69, 0.0
393537.2200,  -67, 0.0
393537.2300,  -64, 0.0
393537.4700,  -64, 0.0
393537.9700,  -65, 0.0
393538.2200,  -64, 0.0
393538.4700,  -62, 0.0
393538.9700,  -72, 0.0
393539.2300,  -65, 0.0
393539.4700,  -62, 0.0
393539.9800,  -66, 0.0
393540.2300,  -67, 0.0
393540.4700,  -64, 0.0
393540.7300,  -70, 0.0
393540.9700,  -64, 0.0
393541.2300,  -71, 0.0
393541.4800,  -71, 0.0
393541.7300,  -69, 0.0
393541.9800,  -71, 0.0
393542.2300,  -64, 0.0
393542.4800,  -71, 0.0
393542.7400,  -70, 0.0
393542.7500,  -70, 0.0
393543.2300,  -69, 0.0
393543.2400,  -69, 0.0
393543.4800,  -73, 0.0
393543.7300,  -72, 0.0
393543.9900,  -67, 0.0
393544.2500,  -72, 0.0
393544.4900,  -69, 0.0
393544.7400,  -71, 0.0
393544.9800,  -71, 0.0
393545.2600,  -72, 0.0
393545.4900,  -74, 0.0
393545.7400,  -76, 0.0
393545.9900,  -76, 0.0
393546.2400,  -73, 0.0
393546.4900,  -71, 0.0
393546.7500,  -77, 0.0
393547.0000,  -84, 0.0
393547.0100,  -80, 0.0
393547.2900,  -78, 0.0
393547.4900,  -80, 0.0
393547.7400,  -80, 0.0
393547.9900,  -84, 0.0
393548.2500,  -78, 0.0
393548.5000,  -81, 0.0
393548.7500,  -73, 0.0
393549.0000,  -74, 0.0
393549.2500,  -74, 0.0
393549.5000,  -70, 0.0
393549.7500,  -76, 0.0
393550.0000,  -71, 0.0
393550.2500,  -84, 0.0
393550.2600,  -83, 0.0
393550.5000,  -74, 0.0
393550.7500,  -78, 0.0
393551.0100,  -75, 0.0
393551.2500,  -75, 0.0
393551.2600,  -74, 0.0
393551.5100,  -77, 0.0
393551.7500,  -69, 0.0
393552.0000,  -58, 0.0
393552.2600,  -61, 0.0
393552.5700,  -57, 0.0
393552.7800,  -58, 0.0
393553.0100,  -59, 0.0
393553.2600,  -58, 0.0
393553.2610,  -59, 0.0
393553.2700,  -58, 0.0
393553.5100,  -60, 0.0
393553.7600,  -60, 0.0
393554.0100,  -55, 0.0
393554.2600,  -53, 0.0
393554.5100,  -58, 0.0
393554.8100,  -59, 0.0
393555.0200,  -61, 0.0
393555.2700,  -57, 0.0
393555.5200,  -63, 0.0
393555.7700,  -60, 0.0
393556.0200,  -65, 0.0
393556.0400,  -62, 0.0
